part_number,handle,title,sku,barcode,source_url
779104,sumner-779104-replacement-wheel-for-cricket-480-400-x-8-flat-free-1-each,Sumner 779104 Replacement Wheel for Cricket 480/400 x 8 Flat Free (1 Each),236272,661165791044,https://sumneroutlet.com/products/sumner-779104-replacement-wheel-for-cricket-480-400-x-8-flat-free-1-each.js
781311,sumner-781311-lo-fold-a-jack-w-roller-head-pipe-jack-stand,"Sumner 781311 Lo Fold-A-Jack Pipe Jack Stand with Roller Head 21"" to 36"" Adjustable",44103,661165813111,https://sumneroutlet.com/products/sumner-781311-lo-fold-a-jack-w-roller-head-pipe-jack-stand.js
787516,sumner-787516-1-6t-premium-lever-hoist-with-5-lift-and-overload-protection,Sumner 787516 1.6T Premium Lever Hoist with 5' Lift and Overload Protection,837625,,https://sumneroutlet.com/products/sumner-787516-1-6t-premium-lever-hoist-with-5-lift-and-overload-protection.js
783250,sumner-783250-hi-boy-jack-w-vee-head-pipe-jack-stand,"Sumner 783250 Hi Boy Jack Vee Head Pipe Jack Stand 1000 lb at 72""",44006,661165832501,https://sumneroutlet.com/products/sumner-783250-hi-boy-jack-w-vee-head-pipe-jack-stand.js
779025,southwire-779025-caster-kit-for-mac-rack,Southwire 779025 Caster Kit for MAC Rack,236168,661165790252,https://sumneroutlet.com/products/southwire-779025-caster-kit-for-mac-rack.js
781415,sumner-781415-big-vee-head-assembly-with-spanner-nut-for-pipe-welding-support-stand,Sumner 781415 Big Vee Head Assembly with Spanner Nut for Pipe Welding Support Stand,235804,661165814156,https://sumneroutlet.com/products/sumner-781415-big-vee-head-assembly-with-spanner-nut-for-pipe-welding-support-stand.js
780471,sumner-780471-st-871-pro-jack-with-vee-head,"Sumner 780471 ST-871 Hi Pro Jack Pipe Jack 28"" with Vee Head",44237,661165804713,https://sumneroutlet.com/products/sumner-780471-st-871-pro-jack-with-vee-head.js
781150,sumner-781150-2-6-ultra-clamp,"Sumner 781150 Ultra Clamp E Clamp 2"" to 6"" Jaw Width",44088,661165811506,https://sumneroutlet.com/products/sumner-781150-2-6-ultra-clamp.js
787488,sumner-787488-plh1600c05-premium-lever-hoist-1-6-ton-with-5-lift,Sumner 787488 PLH1600C05 Premium Lever Hoist 1.6 Ton with 5' Lift,833266,,https://sumneroutlet.com/products/sumner-787488-plh1600c05-premium-lever-hoist-1-6-ton-with-5-lift.js
774206,sumner-774206-1-8-replacement-cable-for-gh-5t-winch,"Sumner 774206 1/8"" Replacement Cable for GH-5T Winch",712797,,https://sumneroutlet.com/products/sumner-774206-1-8-replacement-cable-for-gh-5t-winch.js
771460,sumner-771460-3-8-16-x-3-8-cup-point-socket-head-set-screw,Sumner 771460 3/8-16 x 3/8 Cup Point Socket Head Set Screw,234843,661165714609,https://sumneroutlet.com/products/sumner-771460-3-8-16-x-3-8-cup-point-socket-head-set-screw.js
780877,sumner-780877-reel-jack-pin-assembly,Sumner 780877 REEL JACK PIN ASSEMBLY,234783,661165808773,https://sumneroutlet.com/products/sumner-780877-reel-jack-pin-assembly.js
783235,sumner-783235-upright-tube-replacement-part,Sumner 783235 Upright Tube Replacement Part,236173,661165832358,https://sumneroutlet.com/products/sumner-783235-upright-tube-replacement-part.js
784790,sumner-784790-load-line-2412-assembled-load-line-1-each,Sumner 784790 Load Line 2412 Assembled Load Line (1 Each),235514,661165847901,https://sumneroutlet.com/products/sumner-784790-load-line-2412-assembled-load-line-1-each.js
784391,sumner-784391-2-in-brass-pulley-for-drywall-lift-top-mast-assembly,Sumner 784391 2 in. Brass Pulley for Drywall Lift Top Mast Assembly,235417,661165843910,https://sumneroutlet.com/products/sumner-784391-2-in-brass-pulley-for-drywall-lift-top-mast-assembly.js
784000,fit-up-pro-784000-6-3-8-inch-flange-spreader-tool-for-pipe-flange-separation,FIT-UP PRO 784000 6 3/8 Inch Flange Spreader Tool for Pipe Flange Separation,833645,00810209763169,https://sumneroutlet.com/products/fit-up-pro-784000-6-3-8-inch-flange-spreader-tool-for-pipe-flange-separation.js
787545,sumner-787545-3-4-t-lever-hoist-with-20-lift,Sumner 787545 3/4 t Lever Hoist with 20' Lift,844198,,https://sumneroutlet.com/products/sumner-787545-3-4-t-lever-hoist-with-20-lift.js
783834,sumner-783834-load-line-assembly-2015-lift,"Sumner 783834 Load Line Assembly, 2015 Lift",235246,661165838343,https://sumneroutlet.com/products/sumner-783834-load-line-assembly-2015-lift.js
790026,sumner-790026-mul-t-square-extended-blade,Sumner 790026 Mul-T-Square Extended Blade,234787,661165900262,https://sumneroutlet.com/products/sumner-790026-mul-t-square-extended-blade.js
780052,sumner-780052-counterweight-rab-511,"Sumner 780052 Counterweight, RAB-511",234925,661165800524,https://sumneroutlet.com/products/sumner-780052-counterweight-rab-511.js
786460,sumner-786460-max-jax-2-drop-slot-roller-head-assembly,Sumner 786460 Max-Jax 2 Drop Slot Roller Head Assembly,416442,,https://sumneroutlet.com/products/sumner-786460-max-jax-2-drop-slot-roller-head-assembly.js
783757,sumner-783757-winch-handle-assembly-mx,"Sumner 783757 WINCH HANDLE ASSEMBLY, MX",235235,661165837575,https://sumneroutlet.com/products/sumner-783757-winch-handle-assembly-mx.js
783629,sumner-783629-load-line-assy-2018-2118,"Sumner 783629 LOAD LINE ASSY, 2018/2118",235187,661165836295,https://sumneroutlet.com/products/sumner-783629-load-line-assy-2018-2118.js
784760,southwire-784760-eventer-16-lift-assembly-w-fork,Southwire 784760 Eventer 16 Lift Assembly w/Fork,771043,661165847604,https://sumneroutlet.com/products/southwire-784760-eventer-16-lift-assembly-w-fork.js
781615,sumner-clp5w-5-curved-locking-pliers-w-cutter-781615,"Sumner CLP5W 5"" Curved Locking Pliers w/ Cutter 781615",688972,661165816150,https://sumneroutlet.com/products/sumner-clp5w-5-curved-locking-pliers-w-cutter-781615.js
786960,sumner-786960-gss-01-gantry-skid,Sumner 786960 GSS-01 GANTRY SKID,653271,,https://sumneroutlet.com/products/sumner-786960-gss-01-gantry-skid.js
783226,sumner-783226-2118-contractor-lift-18-650-lbs-galvanized,"Sumner 783226 2118 Contractor Lift (18""/650 Lbs.) - Galvanized",407079,661165836516,https://sumneroutlet.com/products/sumner-783226-2118-contractor-lift-18-650-lbs-galvanized.js
785991,sumner-785991-pull-handle-gh2t-gantry-lift,Sumner 785991 Pull Handle (GH2T Gantry Lift),387402,,https://sumneroutlet.com/products/sumner-785991-pull-handle-gh2t-gantry-lift.js
783630,sumner-783630-load-line-assy-2024-2124,"Sumner 783630 LOAD LINE ASSY, 2024/2124",235188,661165836301,https://sumneroutlet.com/products/sumner-783630-load-line-assy-2024-2124.js
783628,sumner-783628-load-line-assy-2012-2112,"Sumner 783628 LOAD LINE ASSY, 2012/2112",235186,661165836288,https://sumneroutlet.com/products/sumner-783628-load-line-assy-2012-2112.js
779011,sumner-779011-wheel-10-rubber-tire,"Sumner 779011 Wheel, 10"" Rubber Tire",235097,661165790115,https://sumneroutlet.com/products/sumner-779011-wheel-10-rubber-tire.js
779001,sumner-779001-caster-sc-23-8-x-2-rt,Sumner 779001 CASTER SC-23-8 X 2 RT,234884,661165790016,https://sumneroutlet.com/products/sumner-779001-caster-sc-23-8-x-2-rt.js
780444,sumner-780444-pro-roll-29-43-adjustable-height-pipe-stand-with-stainless-steel-wheels,"Sumner 780444 Pro Roll 29""- 43"" Adjustable Height Pipe Stand with Stainless Steel Wheels",234761,661165804447,https://sumneroutlet.com/products/sumner-780444-pro-roll-29-43-adjustable-height-pipe-stand-with-stainless-steel-wheels.js
783691,sumner-783691-carriage-fork-extension-kit-material-lift-accessory,Sumner 783691 Carriage Fork Extension Kit. material lift accessory,44257,661165836912,https://sumneroutlet.com/products/sumner-783691-carriage-fork-extension-kit-material-lift-accessory.js
783068,sumner-783068-2615-galvanized-finish-15-series-2600-axel-the-big-lift-contractor-lift,"Sumner 783068 2615 Galvanized Finish 15' Series 2600 ""Axel"" The Big Lift Contractor Lift, 1,100 lbs cpacity",720102,661165830682,https://sumneroutlet.com/products/sumner-783068-2615-galvanized-finish-15-series-2600-axel-the-big-lift-contractor-lift.js
784093,sumner-784093-2012s-12-short-stack-galvanized-material-lift,"Sumner 784093 2012S 12' Short Stack Galvanized Material Lift, 800 lbs Capacity",720101,661165840933,https://sumneroutlet.com/products/sumner-784093-2012s-12-short-stack-galvanized-material-lift.js
783225,sumner-783225-2112-12-galvanized-series-2100-contractor-lift,"Sumner 783225 2112 12' Galvanized Series 2100 Contractor Lift, 650 lbs capacity",720100,661165832259,https://sumneroutlet.com/products/sumner-783225-2112-12-galvanized-series-2100-contractor-lift.js
783227,sumner-783227-2124-24-galvanized-series-2100-contractor-lift,"Sumner 783227 2124 24' Galvanized Series 2100 Contractor Lift, 650 lbs capacity",720099,661165832273,https://sumneroutlet.com/products/sumner-783227-2124-24-galvanized-series-2100-contractor-lift.js
784752,sumner-784752-2412-12-galvanized-series-2400-contractor-lift,"Sumner 784752 2412 12' Galvanized Series 2400 Contractor Lift, 400 lbs",720094,661165847529,https://sumneroutlet.com/products/sumner-784752-2412-12-galvanized-series-2400-contractor-lift.js
784094,sumner-784094-2012s-12-11-short-stack-material-lift-800lb-capacity,"Sumner 786383 2012S 12' 11"" Short Stack Material Lift, 800lb Capacity",428838,032886299605,https://sumneroutlet.com/products/sumner-784094-2012s-12-11-short-stack-material-lift-800lb-capacity.js
781901,sumner-781901-welding-gage-metric,Sumner 781901 Welding Gage Metric,44041,661165819014,https://sumneroutlet.com/products/sumner-781901-welding-gage-metric.js
710013,sumner-710013-2315hvac-kit-4pc-complete-lift-15-for-electrical-fixture-hvac-duct,Sumner 710013 2315HVAC-KIT 4PC. Complete Lift 15' For Electrical Fixture & HVAC Duct,721985,032886300189,https://sumneroutlet.com/products/sumner-710013-2315hvac-kit-4pc-complete-lift-15-for-electrical-fixture-hvac-duct.js
710011,sumner-710011-2315kit-drywall-lift-max-height-15-2315,"Sumner 710011 2315KIT Drywall Lift, Max Height 15', 2315",738278,661165900484,https://sumneroutlet.com/products/sumner-710011-2315kit-drywall-lift-max-height-15-2315.js
786382,sumner-786382-2016s-16-short-stack-lift-800lbs,Sumner 786382 2016S 16' Short Stack Lift (800lbs.),694377,032886299612,https://sumneroutlet.com/products/sumner-786382-2016s-16-short-stack-lift-800lbs.js
787310,sumner-787310-2210-lift-lil-hoister-10-w-foot-brake,Sumner 787310 2210 10 ft 300 lb Lil Hoister Material Lift,689876,032886299599,https://sumneroutlet.com/products/sumner-787310-2210-lift-lil-hoister-10-w-foot-brake.js
783935,sumner-783935-steel-outrigger-assembly-for-contractor-lift-2000-2100-series,Sumner 783935 Steel Outrigger Assembly for Contractor Lift 2000/2100 Series,234741,661165839357,https://sumneroutlet.com/products/sumner-783935-steel-outrigger-assembly-for-contractor-lift-2000-2100-series.js
782051,sumner-782051-10ft-material-lift-1910-400lb-capacity,Sumner 782051 1910 10ft Material Lift 400lb Capacity,651143,,https://sumneroutlet.com/products/sumner-782051-10ft-material-lift-1910-400lb-capacity.js
786920,sumner-786920-kdsm-60-knock-down-stor-mac-60,Sumner 786920  KDSM-60 Knock Down Stor Mac 60,647134,22786920|0000616313,https://sumneroutlet.com/products/sumner-786920-kdsm-60-knock-down-stor-mac-60.js
780200,sumner-780200-winch-with-load-line-cs-2000-z-1,Sumner CS-2000 Winch for Heavy-Duty Lifting Applications,234946,661165801750,https://sumneroutlet.com/products/sumner-780200-winch-with-load-line-cs-2000-z-1.js
787514,sumner-plh100c15wo-1t-lvr-hoist-15-lift-and-overload-protection,Sumner 787514 PLH100C15WO 1T LVR Hoist 15' Lift and Overload Protection,597869,661165875140,https://sumneroutlet.com/products/sumner-plh100c15wo-1t-lvr-hoist-15-lift-and-overload-protection.js
782510,sumner-782510-plunger-for-eventer-stage-lifts-boom-assembly,Sumner 782510 Plunger for Eventer Stage Lifts (Boom Assembly),235013,661165825107,https://sumneroutlet.com/products/sumner-782510-plunger-for-eventer-stage-lifts-boom-assembly.js
775110,sumner-775110-cable-hoist-contractor-lift-1-1-4-nickel-plated-split-ring,"Sumner 775110 Cable Hoist Contractor Lift, 1 1/4"" Nickel Plated Split Ring",234859,661165751109,https://sumneroutlet.com/products/sumner-775110-cable-hoist-contractor-lift-1-1-4-nickel-plated-split-ring.js
780429,sumner-780429-st-206-stainless-steel-flange-pins-set-of-2,"Sumner 780429 ST-206 Stainless Steel Flange Pins, Set of 2",234788,661165804294,https://sumneroutlet.com/products/sumner-780429-st-206-stainless-steel-flange-pins-set-of-2.js
785921,sumner-785921-stor-mac-48-steel-storage-cage-51-1-2-x-33-3-4-x-58,"Sumner 785921 SM48 Stor Mac 48 Steel Storage Cage, 51-1/2"" X 33-3/4"" X 58""",378885,661165859218,https://sumneroutlet.com/products/sumner-785921-stor-mac-48-steel-storage-cage-51-1-2-x-33-3-4-x-58.js
785651,sumner-785651-hanger-mac-2-with-screen-mesh-base,Sumner 785651 Hanger Mac #2 With Screen-Mesh Base,326162,661165856514,https://sumneroutlet.com/products/sumner-785651-hanger-mac-2-with-screen-mesh-base.js
780261,sumner-780261-basic-big-vee-jack-base-only,Sumner 780261 Basic Big Vee Jack Base Only,235800,661165802610,https://sumneroutlet.com/products/sumner-780261-basic-big-vee-jack-base-only.js
781887,sumner-781887-medium-angle-welding-fixture,Sumner 781887 Medium Angle Welding Fixture,44269,661165818871,https://sumneroutlet.com/products/sumner-781887-medium-angle-welding-fixture.js
784240,sumner-784240-aluminum-tray-material-lift-accessory,Sumner 784240 Aluminum Tray Material Lift Accessory For 784308 and 784310 (Tray Only),44259,661165842401,https://sumneroutlet.com/products/sumner-784240-aluminum-tray-material-lift-accessory.js
784004,sumner-784004-st-310-hydraulic-flange-spreader,Sumner 784004 ST-310 Hydraulic Flange Spreader,44258,661165840049,https://sumneroutlet.com/products/sumner-784004-st-310-hydraulic-flange-spreader.js
786001,sumner-786001-3-inflatable-purge-star,"Sumner 786001 3"" Single Hose Inflatable Purge Star",44223,661165860016,https://sumneroutlet.com/products/sumner-786001-3-inflatable-purge-star.js
784510,sumner-784510-drywall-lift-cart-material-lift-accessory,Sumner 784510 Drywall Lift Cart material lift accessory,44185,661165845105,https://sumneroutlet.com/products/sumner-784510-drywall-lift-cart-material-lift-accessory.js
784355,sumner-784355-drywall-cradle-only-material-lift-accessory,Sumner 784355 Drywall Cradle Only material lift accessory,44184,661165843552,https://sumneroutlet.com/products/sumner-784355-drywall-cradle-only-material-lift-accessory.js
785103,sumner-785103-gh2t-gantry-lift-8-beam,Sumner 785103 GH2T-8 8' Beam Aluminum Gantry Lift,44162,661165851038,https://sumneroutlet.com/products/sumner-785103-gh2t-gantry-lift-8-beam.js
784650,sumner-784650-el-405-stacker-lift-material-lift,Sumner 784650 EL-405 Stacker Lift material lift,44114,661165846508,https://sumneroutlet.com/products/sumner-784650-el-405-stacker-lift-material-lift.js
784258,sumner-784258-dually-wheel-kit-material-lift-accessory,Sumner 784258 Dually Wheel Kit material lift accessory,44076,661165842586,https://sumneroutlet.com/products/sumner-784258-dually-wheel-kit-material-lift-accessory.js
784218,sumner-784218-wheel-brake-assembly-material-lift-accessory,Sumner 784218 Wheel Brake Assembly material lift accessory,44075,661165842180,https://sumneroutlet.com/products/sumner-784218-wheel-brake-assembly-material-lift-accessory.js
784685,sumner-784685-extension-strap-kit-material-lift-accessory,Sumner 784685 Extension Strap Kit material lift accessory,44051,661165846850,https://sumneroutlet.com/products/sumner-784685-extension-strap-kit-material-lift-accessory.js
784103,sumner-784103-internal-fit-up-clamp-8-12-pipe-clamp,"Sumner 784103 Internal Fit-Up Clamp, 8-12"" Pipe Clamp",44029,661165841039,https://sumneroutlet.com/products/sumner-784103-internal-fit-up-clamp-8-12-pipe-clamp.js
783900,sumner-783900-fab-mate-material-lift,Sumner 783900 Fab-Mate Material Lift,44008,661165839005,https://sumneroutlet.com/products/sumner-783900-fab-mate-material-lift.js
785101,sumner-785101-gh2t-gantry-lift-12-beam,Sumner 785101 GH2T Gantry Lift- 12' Beam,43986,661165851014,https://sumneroutlet.com/products/sumner-785101-gh2t-gantry-lift-12-beam.js
785100,sumner-785100-gh2t-gantry-lift-15-beam,Sumner 785100 GH2T Gantry Lift - 15' Beam,43985,661165851007,https://sumneroutlet.com/products/sumner-785100-gh2t-gantry-lift-15-beam.js
783650,sumner-783650-2112-contractor-lift-12-650-lbs,Sumner 783650 2112 Contractor Lift (12'/650 lbs.),44256,661165836509,https://sumneroutlet.com/products/sumner-783650-2112-contractor-lift-12-650-lbs.js
782422,sumner-782422-cylinder-cart-209-10p-10-wheel,"Sumner 782422 Cylinder Cart - 209-10P - 10"" wheel",44252,661165824223,https://sumneroutlet.com/products/sumner-782422-cylinder-cart-209-10p-10-wheel.js
782482,sumner-782482-cylinder-cart-213-16p-16-wheel,"Sumner 782482 Cylinder Cart - 213-16P - 16"" wheel",44215,661165824827,https://sumneroutlet.com/products/sumner-782482-cylinder-cart-213-16p-16-wheel.js
782425,sumner-782425-cylinder-cart-209-14sb-14-wheel,"Sumner 782425 Cylinder Cart - 209-14SB - 14"" wheel",44213,661165824254,https://sumneroutlet.com/products/sumner-782425-cylinder-cart-209-14sb-14-wheel.js
783350,sumner-783350-6-pack-mac-wire-cart,"Sumner PM06 783350 Mac 6 Spool Wire Cart, 6 Pack",44181,661165833508,https://sumneroutlet.com/products/sumner-783350-6-pack-mac-wire-cart.js
782444,sumner-782444-cylinder-cart-209-16fb-lf-16-wheel,"Sumner 782444 Cylinder Cart - 209-16FB-LF - 16"" wheel",44179,661165824445,https://sumneroutlet.com/products/sumner-782444-cylinder-cart-209-16fb-lf-16-wheel.js
783398,sumner-783398-caddy-mac-1,Sumner 783398 CM01 Caddy Mac #1 Spool and Wire Transport Dolly,44156,661165833980,https://sumneroutlet.com/products/sumner-783398-caddy-mac-1.js
782480,sumner-782480-cylinder-cart-213-14s-14-wheel,"Sumner 782480 Cylinder Cart - 213-14S - 14"" wheel",44142,661165824803,https://sumneroutlet.com/products/sumner-782480-cylinder-cart-213-14s-14-wheel.js
782427,sumner-782427-cylinder-cart-209-16pb-16-wheel,"Sumner 782427 Cylinder Cart - 209-16PB - 16"" wheel",44141,661165824278,https://sumneroutlet.com/products/sumner-782427-cylinder-cart-209-16pb-16-wheel.js
783444,sumner-783444-spool-mac-wire-cart,Sumner SM-01 783444 Spool Mac Large Wire Cart,44120,661165834444,https://sumneroutlet.com/products/sumner-783444-spool-mac-wire-cart.js
783040,sumner-783040-mast-hold-down-bar-type-2100-material-lift-accessory,"Sumner 783040 Mast Hold-down, Bar Type 2100 material lift accessory",44108,661165830408,https://sumneroutlet.com/products/sumner-783040-mast-hold-down-bar-type-2100-material-lift-accessory.js
782497,sumner-782497-cylinder-cart-213-25pb-lf-25-wheel,"Sumner 782497 Cylinder Cart - 213-25PB-LF - 25"" wheel",44072,661165824971,https://sumneroutlet.com/products/sumner-782497-cylinder-cart-213-25pb-lf-25-wheel.js
782421,sumner-782421-cylinder-cart-209-10sb-10-wheel,"Sumner 782421 Cylinder Cart - 209-10SB - 10"" wheel",44070,661165824216,https://sumneroutlet.com/products/sumner-782421-cylinder-cart-209-10sb-10-wheel.js
783702,sumner-783702-2020-material-lift-20-800-lbs,Sumner 783702 2020 Material Lift (20'/800 lbs.),44047,661165837025,https://sumneroutlet.com/products/sumner-783702-2020-material-lift-20-800-lbs.js
783395,sumner-783395-caddy-mac-2-wire-cart,Sumner CM02 783395 Caddy Mac #2 Wire Cart,44046,661165833959,https://sumneroutlet.com/products/sumner-783395-caddy-mac-2-wire-cart.js
782483,sumner-782483-cylinder-cart-213-16pb-16-wheel,"Sumner 782483 Cylinder Cart - 213-16PB - 16"" wheel",44044,661165824834,https://sumneroutlet.com/products/sumner-782483-cylinder-cart-213-16pb-16-wheel.js
783240,sumner-783240-pipe-mac-vee-attachment-pair,Sumner 783240 Pipe Mac Vee Attachment Pair,44005,661165832402,https://sumneroutlet.com/products/sumner-783240-pipe-mac-vee-attachment-pair.js
783067,sumner-783067-hd-contractor-lift-2615-15-x-1100lb-capacity,Sumner 783067 HD Contractor Lift 2615 15' x 1100lb Capacity,373594,661165803952,https://sumneroutlet.com/products/sumner-783067-hd-contractor-lift-2615-15-x-1100lb-capacity.js
783490,sumner-783490-handi-mac-wire-cart,Sumner HM-01 783490 Handi Mac Wire Spool Stand,44255,661165834901,https://sumneroutlet.com/products/sumner-783490-handi-mac-wire-cart.js
782495,sumner-782495-cylinder-cart-213-16pb-lf-16-wheel,"Sumner 782495 Cylinder Cart - 213-16PB-LF - 16"" wheel",44229,661165824957,https://sumneroutlet.com/products/sumner-782495-cylinder-cart-213-16pb-lf-16-wheel.js
782424,sumner-782424-209-14s-cylinder-cart-with-safety-chain,"Sumner 782424 209-14S Cylinder Cart with Safety Chain, 14"" Wheel",44190,661165824247,https://sumneroutlet.com/products/sumner-782424-209-14s-cylinder-cart-with-safety-chain.js
782443,sumner-782443-cylinder-cart-209-16pb-lf-16-wheel,"Southwire 782443 Cylinder Cart - 209-16PB-LF - 16"" wheel",44178,661165824438,https://sumneroutlet.com/products/sumner-782443-cylinder-cart-209-16pb-lf-16-wheel.js
782385,sumner-782385-112-10s-cylinder-cart-with-10-wheels-and-safety-chain,"Sumner 782385 112-10S Cylinder Cart with 10"" Wheels and Safety Chain",44191,661165823851,https://sumneroutlet.com/products/sumner-782385-112-10s-cylinder-cart-with-10-wheels-and-safety-chain.js
782380,sumner-782380-cylinder-cart-208-10s-10-wheel,"Sumner 782380 Cylinder Cart - 208-10S - 10"" wheel",44140,661165823806,https://sumneroutlet.com/products/sumner-782380-cylinder-cart-208-10s-10-wheel.js
782359,sumner-782359-cylinder-cart-207-10s-10-wheel,"Sumner 782359 Cylinder Cart - 207-10S - 10"" wheel",44106,661165823592,https://sumneroutlet.com/products/sumner-782359-cylinder-cart-207-10s-10-wheel.js
781900,sumner-781900-welding-gage-imperial,Sumner 781900 Welding Gage Imperial,44104,661165819007,https://sumneroutlet.com/products/sumner-781900-welding-gage-imperial.js
782386,sumner-782386-cylinder-cart-112-10p-10-wheel,"Sumner 782386 Cylinder Cart - 112-10P - 10"" wheel",44069,661165823868,https://sumneroutlet.com/products/sumner-782386-cylinder-cart-112-10p-10-wheel.js
782360,sumner-782360-cylinder-cart-207-8s-8-wheel,"Sumner 782360 Cylinder Cart - 207-8S - 8"" wheel",44042,661165823608,https://sumneroutlet.com/products/sumner-782360-cylinder-cart-207-8s-8-wheel.js
781407,sumner-781407-ss-roller-head-kit-4-wheels-large-vee-head,Sumner 781407 SS Roller Head Kit (4 wheels) Large Vee Head,44040,661165814071,https://sumneroutlet.com/products/sumner-781407-ss-roller-head-kit-4-wheels-large-vee-head.js
781383,sumner-781383-ball-transfers-large-vee-head,Sumner 781383 Ball Transfers for Large Vee Head,43998,661165813838,https://sumneroutlet.com/products/sumner-781383-ball-transfers-large-vee-head.js
782050,sumner-782050-1908-light-duty-lift-8-x-350lb-capacity-material-lift,Sumner 782050 '1908' Light Duty Lift 8' x 350lb Capacity Material Lift,373595,661165820508,https://sumneroutlet.com/products/sumner-782050-1908-light-duty-lift-8-x-350lb-capacity-material-lift.js
781031,sumner-781031-conversion-kit-to-16-std-pipe-clamp,"Sumner 781031 Conversion Kit to 16"" (Std). Pipe Clamp",44208,661165810318,https://sumneroutlet.com/products/sumner-781031-conversion-kit-to-16-std-pipe-clamp.js
780999,sumner-780999-ss-clamp-champ-kit-1-10-pipe-clamp,"Sumner 780999 SS Clamp Champ Kit (1-10"") Pipe Clamp",44207,661165809992,https://sumneroutlet.com/products/sumner-780999-ss-clamp-champ-kit-1-10-pipe-clamp.js
780935,sumner-780935-econo-mac-75,Sumner 780935 No. 75 Econo Mac Reel Jack,44188,661165809350,https://sumneroutlet.com/products/sumner-780935-econo-mac-75.js
781251,sumner-781251-ss-clamp-champ-ii-10-36-pipe-clamp,"Sumner 781251 SS Clamp Champ II (10-36"") Pipe Clamp",44135,661165812510,https://sumneroutlet.com/products/sumner-781251-ss-clamp-champ-ii-10-36-pipe-clamp.js
781032,sumner-781032-conversion-kit-to-16-ss-pipe-clamp,"Sumner 781032 Conversion Kit to 16"" (SS). Pipe Clamp",44134,661165810325,https://sumneroutlet.com/products/sumner-781032-conversion-kit-to-16-ss-pipe-clamp.js
781250,sumner-781250-std-clamp-champ-ii-10-36-pipe-clamp,"Sumner 781250 Std Clamp Champ II (10-36"") Pipe Clamp",44099,661165812503,https://sumneroutlet.com/products/sumner-781250-std-clamp-champ-ii-10-36-pipe-clamp.js
781061,sumner-781061-r-z-180-z-200-tee-head-ext,Sumner 781061 R/Z-180/Z-200 Tee Head Ext.,44062,661165810615,https://sumneroutlet.com/products/sumner-781061-r-z-180-z-200-tee-head-ext.js
780502,sumner-780502-ss-vee-head-sleeve-attachment,Sumner 780502 SS Vee Head Sleeve Attachment,44028,661165805024,https://sumneroutlet.com/products/sumner-780502-ss-vee-head-sleeve-attachment.js
780997,sumner-780997-ss-clamp-champ-kit-1-16-pipe-clamp,"Sumner 780997 SS Clamp Champ Kit (1-16"") Pipe Clamp",43995,661165809978,https://sumneroutlet.com/products/sumner-780997-ss-clamp-champ-kit-1-16-pipe-clamp.js
780943,sumner-780943-no-80-reel-jack-stand,Sumner 780943 No. 80 Heavy Duty Ratcheting Reel Jack Stand,43994,661165809435,https://sumneroutlet.com/products/sumner-780943-no-80-reel-jack-stand.js
780650,sumner-780650-st-258-flange-pins-set-2,"Sumner 780650 1/"" - 2-5/8"" Flange Pins ST-258  (set/2)",44035,661165806502,https://sumneroutlet.com/products/sumner-780650-st-258-flange-pins-set-2.js
780231,sumner-780231-no-81-reel-mac-spindle-100,"Sumner 780231 No. 81 3-1/2"" Diameter x 100"" Long Reel Mac Spindle",44128,661165802313,https://sumneroutlet.com/products/sumner-780231-no-81-reel-mac-spindle-100.js
780302,sumner-780302-r-180-roust-a-bout-18-top-ht,"Sumner 780302 R-180 Roust-a-Bout Material Lift, 18' Top Height",44057,661165803020,https://sumneroutlet.com/products/sumner-780302-r-180-roust-a-bout-18-top-ht.js
779037,sumner-779037-caster-kit-weldbox-3617,Sumner 779037 Caster Kit for Weldbox 3617,43989,661165790375,https://sumneroutlet.com/products/sumner-779037-caster-kit-weldbox-3617.js
780309,sumner-780309-roller-head-with-rubber-wheels-pack-of-6,"Sumner 780309 Roller Head with Rubber Wheels, (Pack of 6)",234776,661165803099,https://sumneroutlet.com/products/sumner-780309-roller-head-with-rubber-wheels-pack-of-6.js
779281,sumner-779281-argo-naught-weld-gas-analyzer,Sumner 779281 Argo-Naught Weld Gas Analyzer,44117,661165792812,https://sumneroutlet.com/products/sumner-779281-argo-naught-weld-gas-analyzer.js
779005,sumner-779005-caster-5-plate-swivel-red,"Sumner 779005 Caster 5"" Plate Swivel (Red)",235095,661165790054,https://sumneroutlet.com/products/sumner-779005-caster-5-plate-swivel-red.js
781060,sumner-781060-r-z-100-z-150-tee-head-ext,Sumner 781060 R/Z-100/Z-150 Tee Head Ext.,44245,661165810608,https://sumneroutlet.com/products/sumner-781060-r-z-100-z-150-tee-head-ext.js
783705,sumner-783705-pipe-cradle-for-2000-and-2100-series-lifts,Sumner 783705 Pipe Cradle for (2000 and 2100 series lifts),44157,661165837056,https://sumneroutlet.com/products/sumner-783705-pipe-cradle-for-2000-and-2100-series-lifts.js
785800,sumner-785800-welders-stool,Sumner 785800 Welders Stool,356947,661165858006,https://sumneroutlet.com/products/sumner-785800-welders-stool.js
780430,sumner-780430-flange-pins-st-106,Sumner 780430 Flange Pins ST-106,44193,661165804300,https://sumneroutlet.com/products/sumner-780430-flange-pins-st-106.js
781062,sumner-781062-r-z-250-68-tee-head-ext,"Sumner 781062 R/Z-250 68"" Tee Head Extension Bar",44246,661165810622,https://sumneroutlet.com/products/sumner-781062-r-z-250-68-tee-head-ext.js
784474,sumner-784474-hvac-electrical-cradle-only,Sumner 784474 HVAC/Electrical Cradle Only,44230,661165844740,https://sumneroutlet.com/products/sumner-784474-hvac-electrical-cradle-only.js
780351,sumner-780351-st-401-grasshopper,Sumner 780351 ST-401 Grasshopper,44228,661165803518,https://sumneroutlet.com/products/sumner-780351-st-401-grasshopper.js
785102,sumner-785102-gh2t-gantry-lift-10-beam,Sumner 785102 GH2T Gantry Lift- 10' Beam,44161,661165851021,https://sumneroutlet.com/products/sumner-785102-gh2t-gantry-lift-10-beam.js
783642,sumner-783642-boom-assembly-material-lift-accessory,Sumner 783642 Boom Assembly Material Lift Accessory for Series 2000 and 2100 Contractor Lifts,44073,661165836424,https://sumneroutlet.com/products/sumner-783642-boom-assembly-material-lift-accessory.js
782441,sumner-782441-209-14sb-le-cylinder-cart-with-divider-wall-and-lifting-eye,"Sumner 782441 209-14SB-LE Cylinder Cart with Divider Wall and Lifting Eye, 14"" wheel",44018,661165824414,https://sumneroutlet.com/products/sumner-782441-209-14sb-le-cylinder-cart-with-divider-wall-and-lifting-eye.js
783151,sumner-783151-steel-wheels-for-pro-roll,Sumner 783151 Quick Change Housing with Aluminum Wheels,44233,661165831511,https://sumneroutlet.com/products/sumner-783151-steel-wheels-for-pro-roll.js
781550,sumner-781550-2-6-ultra-qwik-fit,"Sumner 781550 Ultra Qwik Fit-up Clamp for 2"" - 6"" Pipe Fitting",44266,661165815504,https://sumneroutlet.com/products/sumner-781550-2-6-ultra-qwik-fit.js
790030,sumner-790030-11-x-21-mul-t-square-w-extended-blade,"Sumner 790030 11"" x 21"" Mul-T-Square w/ Extended Blade",44261,661165900309,https://sumneroutlet.com/products/sumner-790030-11-x-21-mul-t-square-w-extended-blade.js
784920,sumner-784920-stor-mac-cart,"Southwire 784920 SM60 StorMac 60 Portable Tool and Part Security Storage Cage 63-1/2"" x 33-3/4"" x 58""",44260,661165849202,https://sumneroutlet.com/products/sumner-784920-stor-mac-cart.js
782685,sumner-782685-cricket-w-flat-free-tires-pipe-dolly,Sumner 782685 Cricket w/Flat Free Tires Pipe Dolly,44254,661165826852,https://sumneroutlet.com/products/sumner-782685-cricket-w-flat-free-tires-pipe-dolly.js
782496,sumner-782496-cylinder-cart-213-16fb-lf-16-wheel,"Sumner 782496 Cylinder Cart - 213-16FB-LF - 16"" wheel",44253,661165824964,https://sumneroutlet.com/products/sumner-782496-cylinder-cart-213-16fb-lf-16-wheel.js
781486,sumner-781486-beam-jax-kit-max-stand,Sumner 781486 Beam Jax Kit Max Stand with Casters,44250,661165814866,https://sumneroutlet.com/products/sumner-781486-beam-jax-kit-max-stand.js
780300,sumner-780300-r-100-roust-a-bout-15-top-ht,"Sumner 780300 R-100 Roust-a-Bout Material Lift, 15' Top Height",44239,661165803006,https://sumneroutlet.com/products/sumner-780300-r-100-roust-a-bout-15-top-ht.js
784100,sumner-784100-2-4-internal-fit-up-clamp,"Sumner 784100 2"" - 4"" Internal Fit-Up Clamp",44238,661165841008,https://sumneroutlet.com/products/sumner-784100-2-4-internal-fit-up-clamp.js
783366,sumner-783366-ten-pack-mac-wire-rack,"Southwire PM10 783366 Mac Mobile Wire Dispensing Cart, 10 Spool",44235,661165833669,https://sumneroutlet.com/products/sumner-783366-ten-pack-mac-wire-rack.js
780435,sumner-780435-rotary-ground-clamp-st-107-400amp,Sumner 780435 Rotary Ground Clamp ST-107 400amp,44234,661165804355,https://sumneroutlet.com/products/sumner-780435-rotary-ground-clamp-st-107-400amp.js
780301,sumner-780301-r-150-roust-a-bout,"Sumner 780301 R-150 Roust-A-Bout, Material Lift, 15' Top Height",44232,661165803013,https://sumneroutlet.com/products/sumner-780301-r-150-roust-a-bout.js
783703,sumner-783703-2025-material-lift-25-650-lbs,Sumner 783703 2025 Material Lift (25'/650 lbs.),44218,661165837032,https://sumneroutlet.com/products/sumner-783703-2025-material-lift-25-650-lbs.js
783701,sumner-783701-2015-material-lift-15-800-lbs,Sumner 783701 2015 Material Lift (15'/800 lbs.),44217,661165837018,https://sumneroutlet.com/products/sumner-783701-2015-material-lift-15-800-lbs.js
780941,sumner-780941-no-60-reel-jack-stand,"Sumner 780941 RM60 No. 60 Screw-Type Telescoping Reel Jack 13""-27"" 2500 lbs Capacity",44206,661165809411,https://sumneroutlet.com/products/sumner-780941-no-60-reel-jack-stand.js
783736,sumner-783736-10-wheel-kit-material-lift-accessory,"Sumner 783736 10"" Wheel Kit material lift accessory",44182,661165837360,https://sumneroutlet.com/products/sumner-783736-10-wheel-kit-material-lift-accessory.js
783299,sumner-783299-mac-rack-ii-conduit-cart,"Sumner 783299 MR02 Mac Rack II Conduit Pipe Material Cart with Casters, 1000 lbs Capacity",44180,661165832990,https://sumneroutlet.com/products/sumner-783299-mac-rack-ii-conduit-cart.js
780942,sumner-780942-no-70-reel-jack-stand,Sumner 780942 RM70 No. 70 Heavy Duty Ratcheting Reel Jack Stand,44170,661165809428,https://sumneroutlet.com/products/sumner-780942-no-70-reel-jack-stand.js
783317,sumner-783317-mack-rack-i-complete-with-casters,Sumner 783317 MR01 Mac Rack I - Complete with Casters,44159,661165833171,https://sumneroutlet.com/products/sumner-783317-mack-rack-i-complete-with-casters.js
782699,sumner-782699-cricket-material-carrier,"Sumner 782699 Cricket Material Carrier w/ Pneumatic Tires, Pipe Dolly 1,000lb Cap.",44158,661165826999,https://sumneroutlet.com/products/sumner-782699-cricket-material-carrier.js
782375,sumner-782375-small-cylinder-cart,"Sumner 782375 108-8S Small Cylinder Cart, 8"" wheel",44154,661165823752,https://sumneroutlet.com/products/sumner-782375-small-cylinder-cart.js
783700,sumner-783700-2010-material-lift-10-1000-lbs,Sumner 783700 2010 Material Lift (10'/1000 lbs.),44145,661165837001,https://sumneroutlet.com/products/sumner-783700-2010-material-lift-10-1000-lbs.js
783230,sumner-783230-pipe-mac-w-vee-pipe-dolly,Sumner 783230 Pipe Mac w/Vee Pipe Dolly (2/plt),44143,661165832303,https://sumneroutlet.com/products/sumner-783230-pipe-mac-w-vee-pipe-dolly.js
783651,sumner-783651-2118-contractor-materials-lift,Sumner 783651 2118 Contractor Materials Lift (18’/650 lbs.),44126,661165836516,https://sumneroutlet.com/products/sumner-783651-2118-contractor-materials-lift.js
784750,sumner-784750-series-2412-contractor-lift,Sumner 784750 Series 2412 Contractor Lift (12’/400lbs.),44121,661165847505,https://sumneroutlet.com/products/sumner-784750-series-2412-contractor-lift.js
784695,sumner-784695-fork-extension-install-kit-material-lift-accessory,Sumner 784695 Fork Extension Install Kit material lift accessory,44115,661165846959,https://sumneroutlet.com/products/sumner-784695-fork-extension-install-kit-material-lift-accessory.js
784320,sumner-784320-steel-tray-material-lift-accessory,Sumner 784320 Steel Tray material lift accessory,44112,661165843200,https://sumneroutlet.com/products/sumner-784320-steel-tray-material-lift-accessory.js
780303,sumner-780303-r-250-roust-a-bout,Sumner 780303 R-250 Roust-A-Bout Pipe and Material Lift 25' Top Height,44092,661165803037,https://sumneroutlet.com/products/sumner-780303-r-250-roust-a-bout.js
781886,sumner-781886-small-angle-welding-fixture,Sumner 781886 Small Angle Welding Fixture,44085,661165818864,https://sumneroutlet.com/products/sumner-781886-small-angle-welding-fixture.js
781895,sumner-781895-magnetic-holders-3,Sumner 781895 Magnetic Holders (3),44068,661165818956,https://sumneroutlet.com/products/sumner-781895-magnetic-holders-3.js
781130,sumner-781130-ultra-pipe-clamp-1-2-1-2,"Sumner 781130 Ultra Pipe Clamp 1"" - 2-1/2""",44063,661165811308,https://sumneroutlet.com/products/sumner-781130-ultra-pipe-clamp-1-2-1-2.js
781560,sumner-781560-5-12-ultra-qwik-fit,"Sumner 781560 5-12"" Ultra Qwik Fit",44054,661165815603,https://sumneroutlet.com/products/sumner-781560-5-12-ultra-qwik-fit.js
783152,sumner-783152-quick-change-rollers-rubber-wheels-2,Sumner 783152 Quick Change Rollers - Rubber Wheels (2),44045,661165831528,https://sumneroutlet.com/products/sumner-783152-quick-change-rollers-rubber-wheels-2.js
780324,sumner-780324-fit-kit-2-6-tool-kit,"Sumner 780324 Fit Kit 2 - 6"" Tool Kit",44031,661165803242,https://sumneroutlet.com/products/sumner-780324-fit-kit-2-6-tool-kit.js
780441,sumner-780441-pro-roll-with-steel-wheels,Sumner 780441 Pro Roll with Aluminum Wheels,44024,661165804416,https://sumneroutlet.com/products/sumner-780441-pro-roll-with-steel-wheels.js
783652,sumner-783652-2124-contractor-lift,Sumner 783652 2124 Contractor Lift (24’/650 lbs.),44022,661165836523,https://sumneroutlet.com/products/sumner-783652-2124-contractor-lift.js
783980,sumner-783980-hb-604-welding-top-handi-bench,Sumner 783980 HB-604 Welding Top Handi-Bench,44020,661165839807,https://sumneroutlet.com/products/sumner-783980-hb-604-welding-top-handi-bench.js
782491,sumner-782491-213-14sb-le-cylinder-cart-with-lifting-eye-and-firewall,"Sumner 782491 213-14SB-LE Cylinder Cart with Lifting Eye and Firewall, 14"" wheel",44016,661165824919,https://sumneroutlet.com/products/sumner-782491-213-14sb-le-cylinder-cart-with-lifting-eye-and-firewall.js
782439,sumner-782439-cylinder-cart-209-14sb-lf-14-wheel,"Sumner 782439 Cylinder Cart - 209-14SB-LF - 14"" Wheel",44002,661165824391,https://sumneroutlet.com/products/sumner-782439-cylinder-cart-209-14sb-lf-14-wheel.js
784590,sumner-784590-universal-center-punch,Sumner 784590 Universal Center Punch,374101,661165845907,https://sumneroutlet.com/products/sumner-784590-universal-center-punch.js
781572,sumner-781572-4-7-drop-forged-dx-pipe-clamp,"Sumner 781572 4 - 7"" Drop Forged DX Pipe Clamp",374099,661165815726,https://sumneroutlet.com/products/sumner-781572-4-7-drop-forged-dx-pipe-clamp.js
784520,sumner-784520-magnetic-centering-punch,Sumner 784520 Center Punch,254717,661165845204,https://sumneroutlet.com/products/sumner-784520-magnetic-centering-punch.js
784751,sumner-784751-2416-contractor-lift,Sumner 784751 2416 Contractor Lift (16'/450lbs.),234746,661165847512,https://sumneroutlet.com/products/sumner-784751-2416-contractor-lift.js
