part_number,title,vendor,price,model,upc_gtin,upc_source
"779070","779070  LOWER PULLEY MOUNTING KIT (2000/2100/2500)","Energized Engines","93.00","","",""
"783620","Sumner 783620 SHAFT, ROLLER","Sumner","27.00","","",""
"780820","Sumner 780820 BRACE, MAST, RIGHT LF-166","Sumner","62.00","","",""
"783829","Sumner 783829 MAST BRACE - LH  EVENTER","Sumner","50.00","","",""
"2000","1/4" Ball Valve Aftermarket Hydro-Test Pump Part","Energized Engines","0.00","","",""
"1084","EE 1084 Cable Anchor for Load Line Cable for Series 2000, 2100 and Eventer","Energized Engines","2.00","","",""
"1080","EE 1080 Leg Bolt Kit for Series 2000 and 2100","Energized Engines","6.00","","",""
"1079","EE 1079 Support Mast Hardware Kit for Series 2000, 2100 and Eventer","Energized Engines","5.00","","",""
"1077","EE 1077 Winch Hardware Kit for Series 2000, 2100 and Eventer","Energized Engines","5.00","","",""
"1076","EE 1076 Winch Bolt Kit for Series 2000 and 2100","Energized Engines","5.00","","",""
"1075","EE 1075 Base Caster Hardware for Series 2000 and 2100","Energized Engines","8.00","","",""
"1078","EE 1078 Outrigger Caster Hardware for Series 2000 and 2100","Energized Engines","3.00","","",""
"783812","Sumner 783812 PULLEY ASSEMBLY","Sumner","86.00","","",""
"1069","Reman Mast Roller 2100 2000 SERIES EE 1069 783540 COMPATIBLE","Energized Engines","18.00","","",""
"1067","EE 1067 Outrigger kit","Energized Engines","305.00","","",""
"778928","Sumner 778928 LABEL, CAUTION LOAD LIMIT 2000 LBS","Sumner","8.74","","",""
"771103","Sumner 771103 SCREW, HHC 3/8-16 X 4","Sumner","3.78","","",""
"784070","Sumner 784070 Foot Jack Assembly","Sumner","198.64","","",""
"771349","Sumner 771349 SCR, SHOULDER 5/16 X 3/8","Sumner","3.65","","",""
"778335","Sumner 778335 TAPE, 2" B/Y CAUTION STRIPE (1 Roll)","Sumner","33.94","","",""
"778349","Sumner 778349 LABEL,FORK EXT. MAX LOAD","Sumner","11.00","","",""
"778371","Sumner 778371 LABEL, MAST 2118","Sumner","23.00","","",""
"778370","Sumner 778370 LABEL, MAST 2112","Sumner","5.00","","",""
"778372","Sumner 778372 LABEL, MAST 2124","Sumner","21.00","","",""
"783459","Sumner 783459 PLUNGER ASSEMBLY KIT, STANDARD","Sumner","13.42","","",""
"783453","Sumner 783453 LOWER PULLEY ASSY KIT, 2000/EVENTER 20/2","Sumner","63.42","","",""
"783495","Sumner 783495 LEG WELDMENT, OUTRIGGER GALV","Sumner","197.00","","",""
"783535","Sumner 783535 FORK ASSEMBLY, WITH EXTENSIONS","Sumner","480.10","","",""
"783506","Sumner 783506 MAST COVER - TOP","Sumner","50.00","","",""
"783564","Sumner 783564 AXLE SUPPORT WELDMENT (OLD) AFTERMARKET EE 2009","Sumner","24.00","","",""
"783608","Sumner 783608 WINCH HANDLE ASSEMBLY","Sumner","160.96","","",""
"783665","Sumner 783665 FRONT LEG WELDMENT 18/24FT","Sumner","324.27","","",""
"783667","Sumner 783667 10"WHEEL KIT","Sumner","229.77","","",""
"783666","Sumner 783666 LEG ASSEMBLY 18/24FT - 2100","Sumner","411.43","","",""
"783677","Sumner 783677 FRT - LEG WLDMT 12FT 2100 LIFT","Sumner","277.09","","",""
"783673","Sumner 783673 LEG LOCK (RIGHT SIDE)","Sumner","47.29","","",""
"783680","Sumner 783680 OUTRIGGER SUPT TUBE","Sumner","35.58","","",""
"783678","Sumner 783678 LEG ASSY  10/12/15FT","Sumner","361.46","","",""
"783681","Sumner 783681 LEG LOCK (LEFT HAND)","Sumner","47.29","","",""
"783717","Sumner 783717 OUTRIGGER SUPPORT BAR","Sumner","37.05","","",""
"783762","Sumner 783762 WINCH HANDLE ADAPTOR, LONG","Sumner","97.03","","",""
"783761","Sumner 783761 TWO SPEED WINCH HANDLE KIT","Sumner","413.83","","",""
"783957","Sumner 783957 FRONT LEG ASSY 18/20/24/25 GALVANIZED","Sumner","414.25","","",""
"783956","Sumner 783956 FRONT LEG ASSEMBLY, 10/12/15 GALVANIZED","Sumner","385.31","","",""
"783958","Sumner 783958 FORK ASSEMBLY, 2100/2000 GALVANIZED","Sumner","331.63","","",""
"784095","Sumner 784095 TOP MAST ASSEMBLY, 2012S LIFT","Sumner","1054.62","","",""
"783959","Sumner 783959 OUTRIGGER ASSEMBLY, 2000/2100 GALVANIZED","Sumner","697.94","","",""
"784097","Sumner 784097 BTM MAST ASSEMBLY, 2012S","Sumner","1054.62","","",""
"784096","Sumner 784096 CTR MAST ASSEMBLY, 2012S LIFT","Sumner","1054.62","","",""
"784099","Sumner 784099 MAST FABRICATION, BTM MAST 2012S LIFT","Sumner","574.15","","",""
"785977","Sumner 785977 MAST ROLLER COVER KIT, 2010","Sumner","100.00","","",""
"784796","Sumner 784796 LOAD LINE ASSY, 2012S    (41 FT.)","Sumner","67.17","","",""
"785979","Sumner 785979 MAST ROLLER COVER KIT, 2020","Sumner","200.00","","",""
"785978","Sumner 785978 MAST ROLLER COVER KIT, 2015","Sumner","150.00","","",""
"785980","Sumner 785980 MAST ROLLER COVER KIT, 2025","Sumner","250.00","","",""
"785985","Sumner 785985 MAST ROLLER COVER KIT, 2118","Sumner","150.00","","",""
"785984","Sumner 785984 MAST ROLLER COVER KIT, 2112","Sumner","100.00","","",""
"785986","Sumner 785986 MAST ROLLER COVER KIT, 2124","Sumner","200.00","","",""
"786696","Sumner 786696 STRAP FOR HANDLE ASSEMBLY","Sumner","109.00","","",""
"786695","Sumner 786695 HANDLE ASSEMBLY, 2000/2100 LIFT","Sumner","270.00","","",""
"783918","Sumner 783918 MAST COVER ALUM - TOP 2000/2600","Sumner","68.00","","",""
"771142","Sumner 771142 SCREW, HHC 1/2-13 X 3","Sumner","4.00","","",""
"772357","Sumner 772357 NUT, INSERT LOCK 1/2-13","Sumner","3.00","","",""
"772355","Sumner 772355 NUT, INSERT LOCK 3/8-16","Sumner","5.00","","",""
"776212","Sumner 776212 SPRING, #C0480-042-1250-M","Sumner","5.00","","",""
"782510","Sumner 782510 PLUNGER","Sumner","29.00","","",""
"775110","Sumner 775110 SPLIT-RING 1-1/4"NICK.PLTD.","Sumner","5.00","","",""
"774095","Sumner 774095 PIN, ROLL, HOLLOW, 1/8 X 1","Sumner","1.00","","",""
"776042","Sumner 776042 SCREW, SELF-TAP PH 8-32 X 1/2","Sumner","2.00","","",""
"783575","Sumner 783575 STOP BLOCK","Sumner","10.00","","",""
"783505","Sumner 783505 MAST COVER - MIDDLE","Sumner","50.00","","",""
"771257","Sumner 771257 SCREW, SHC, 1/2-13 X 1-1/2","Sumner","4.00","","",""
"771239","Sumner 771239 SCREW, BHC 5/16-18 X 7/8","Sumner","2.00","","",""
"783813","Sumner 783813 MAST COVER, TOP","Sumner","50.00","","",""
"779012","Sumner 779012 WHEEL, POLY OLEFIN 3" (INCH)","Sumner","13.00","","",""
"783834","Sumner 783834 LOAD LINE ASSY, 2015 LIFT","Sumner","99.00","","",""
"783856","Sumner 783856 LOAD LINE ASSY, 2025 LIFT","Sumner","106.00","","",""
"783551","Sumner 783551 LOCK BLOCK","Sumner","28.00","","",""
"782910","Sumner 782910 ROPE RET. WASHER","Sumner","22.00","","",""
"771248","Sumner 771248 SCREW, FHSC 3/8-16 X 2","Sumner","10.00","","",""
"774053","Sumner 774053 COTTER, CIRCLE Z/P .048 X 3/4","Sumner","5.00","","",""
"783885","Sumner 783885 BRAKE KIT FOR 2025, EVENTER25","Sumner","358.17","","",""
"771090","Sumner 771090 SCREW, HHC, 3/8-16 X 1-1/2","Sumner","3.00","","",""
"772350","Sumner 772350 NUT, INSERT JAM 3/8-16","Sumner","3.00","","",""
"771100","Sumner 771100 SCREW, HHC 3/8-16 X 1-3/4","Sumner","2.00","","",""
"783537","Sumner 783537 PULLEY MOUNTING BRACKET","Sumner","68.32","","",""
"783536","Sumner 783536 PULLEY GUARD","Sumner","18.00","","",""
"772505","Sumner 772505 NUT, JAM LOCK 12MM","Sumner","4.00","","",""
"771161","Sumner 771161 SCREW, HHC 12 X 40 MM","Sumner","12.00","","",""
"783540","Sumner 783540 MAST ROLLER","Sumner","33.00","","",""
"771350","Sumner 771350 SCREW SHOULDER 1/2 X 1/2","Sumner","11.00","","",""
"783503","Sumner 783503 BACKING PLATE WELDMENT","Sumner","25.15","","",""
"772800","Sumner 772800 NUT, INSERT LOCK 12MM","Sumner","5.00","","",""
"783649","Sumner 783649 TOP REINFORCEMENT BRACKET","Sumner","11.00","","",""
"771107","Sumner 771107 SCREW, HHC 3/8-16 X 1"","Sumner","3.00","","",""
"771258","Sumner 771258 SCREW, SCH 1/2-13X 1","Sumner","5.00","","",""
"773022","Sumner 773022 WASHER FL HARD .38","Sumner","2.00","","",""
"773060","Sumner 773060 WASHER, FLAT 1/2","Sumner","3.00","","",""
"783694","Sumner 783694 STOP BLOCK WEDGE (TOP MAST ONLY)","Sumner","26.00","","",""
"783606","Sumner 783606 DRUM SPACER SHAFT","Sumner","35.00","","",""
"780211","Sumner 780211 PLATE, INNER BRAKE DISC WJ-14","Sumner","78.00","","",""
"783754","Sumner 783754 DRIVE SHAFT, MX WINCH","Sumner","144.00","","",""
"780212","Sumner 780212 PLATE, OUTER BRAKE DISC WJ-15","Sumner","78.00","","",""
"780214","Sumner 780214 BRAKE RATCHET WJ-17","Sumner","72.00","","",""
"783615","Sumner 783615 BRAKE DISK","Sumner","34.00","","",""
"783598","Sumner 783598 SPACER - RATCHET","Sumner","35.00","","",""
"771105","Sumner 771105 SCREW, HHC 3/8-16 X 6","Sumner","6.00","","",""
"783611","Sumner 783611 GEAR COVER","Sumner","28.00","","",""
"783612","Sumner 783612 BRAKE COVER","Sumner","24.00","","",""
"771111","Sumner 771111 SCREW, HHC 3/8-16 X 5-1/2","Sumner","4.00","","",""
"771290","Sumner 771290 SCREW, FHM 1/4-20 X 2-1/4","Sumner","2.00","","",""
"771431","Sumner 771431 SCREW, SET FLAT PT 1/4 - 20 X 5/16","Sumner","2.00","","",""
"783621","Sumner 783621 RATCHET DOG SPRING","Sumner","8.00","","",""
"782619","Sumner 782619 WINCH SHAFT, ROLLER","Sumner","27.00","","",""
"783764","Sumner 783764 SLEEVE, ROLLER SHAFT","Sumner","15.00","","",""
"773085","Sumner 773085 WASHER BELLVILLE SPRING","Sumner","6.00","","",""
"779317","Sumner 779317 RAPID LINK, PEAR SHAPED 1/8"","Sumner","13.00","","",""
"779002","Sumner 779002 CASTER, STEM W/SPACER","Sumner","112.00","","",""
"778352","Sumner 778352 TAPE, 2" B/Y CAUTION STRIPE","Sumner","88.00","","",""
"772100","Sumner 772100 NUT, HEX 1/2-13 PLATED","Sumner","1.00","","",""
"771120","Sumner 771120 SCREW, HHC, 1/2-13X1-1/2","Sumner","4.00","","",""
"783530","Sumner 783530 BRAKE SPRING","Sumner","7.00","","",""
"783529","Sumner 783529 SAFETY BRAKE ASSEMBLY (2000 SERIES LIFT)","Sumner","152.00","","",""
"772076","Sumner 772076 NUT, INSERT LOCK 1/4-20","Sumner","2.00","","",""
"779900","Sumner 779900 SCREW, ADJUSTING (OHIO ES2112)","Sumner","7.00","","",""
"773042","Sumner 773042 WASHER, FLAT, 5/16"","Sumner","1.00","","",""
"778346","Sumner 778346 LABEL, WINCH RAISE/LOWER","Sumner","12.00","","",""
"778339","Sumner 778339 LABEL, CARRIAGE LATCH WARNING","Sumner","14.00","","",""
"778347","Sumner 778347 LABEL, NO RIDERS WARNING","Sumner","16.00","","",""
"778920","Sumner 778920 LABEL, CAUTION CARRIAGE LATCH","Sumner","7.00","","",""
"783545","Sumner 783545 Strap","Sumner","12.00","","",""
"783757","Sumner 783757 Winch Handle for Series 2000, 2100, 2400 and Eventer","Sumner","244.00","","",""
"771254","Sumner 771254 SHCS 1/2-13 X 5","Sumner","11.00","","",""
"772801","Sumner 772801 NUT, HEX 12 MM","Sumner","2.00","","",""
"773091","Sumner 773091 WASHER, FLAT 7/8 USS PLT'D.","Sumner","4.00","","",""
"783098","Sumner 783098 SPACER, CASTER PLATE","Sumner","7.36","","",""
"774051","Sumner 774051 PIN, COTTER 1/8 X 3/4","Sumner","1.00","","",""
"783943","Sumner 783943 OUTRIGGER SUPPORT TUBE","Sumner","77.30","","",""
"783940","Sumner 783940 OUTRIGGER LOCK ASSEMBLY","Sumner","104.00","","",""
"778348","Sumner 778348 LABEL, LOWER STABILIZER LEGS","Sumner","11.00","","",""
"783942","Sumner 783942 OUTRIGGER LOCK FINGER","Sumner","25.00","","",""
"783941","Sumner 783941 OUTRIGGER LOCK TUBE","Sumner","33.00","","",""
"771141","Sumner 771141 SCREW, HHC 1/2-13 X 2-3/4","Sumner","4.00","","",""
"779938","Sumner 779938 CAP, RECT RD END 3/16 X 1/2 X 2","Sumner","4.00","","",""
"774084","Sumner 774084 PIN, Spring 3/16 x 2"","Sumner","2.00","","",""
"778461","Sumner 778461 LABEL, MAST HOLD DOWN BAR TYPE","Sumner","18.00","","",""
"774117","Sumner 774117 PIN, DOWEL 5/16 X 1 3/4","Sumner","4.00","","",""
"784288","Sumner 784288 FORK EXTENSION LIMIT ROD 2000/2100","Sumner","522.00","","",""
"771253","Sumner 771253 SHCS 1/2 - 13 X 5","Sumner","0.00","","",""
"783750","Sumner 783750 BASE ASSEMBLY, 2100 LIFT","Sumner","800.00","","",""
"783730","Sumner 783730 FRONT LEG ASSEMBLY 10/12/15","Sumner","472.00","","",""
"783746","Sumner 783746 LEG LOCK ASSEMBLY, 2100 SERIES","Sumner","110.00","","",""
"783736","Sumner 783736 10" Wheel Kit","Sumner","275.00","","",""
"783739","Sumner 783739 FRONT LEG ASSM 18/20/24/25","Sumner","538.00","","",""
"783662","Sumner 783662 CENTER MAST ASSEMBLY - 2100","Sumner","1815.00","","",""
"783660","Sumner 783660 BOTTOM MAST ASSEMBLY - 2100","Sumner","1815.00","","",""
"783682","Sumner 783682 CARRIAGE ASSY. 2100 LIFT","Sumner","795.00","","",""
"783683","Sumner 783683 TOP MAST ASSY 2100 LIFT","Sumner","1858.00","","",""
"784490","Sumner 784490 NL Winch assembly, Fits Series 2000 and 2100, Eventer 20 and 25","Sumner","1979.00","","",""
"783653","Sumner 783653 STANDARD FORK ASSY.","Sumner","405.00","","",""
"783582","Sumner 783582 SPREADER PLATE ASSEMBLY","Sumner","108.00","","",""
"780819","Sumner 780819 BRACE, MAST, LEFT LF-165","Sumner","62.00","","",""
"783916","Sumner 783916 MAST COVER ALUM - BOTTOM 2000/2100/2600","Sumner","68.00","","",""
"783919","Sumner 783919 MAST COVER ALUM - TOP 2100","Sumner","68.00","","",""
"783040","Sumner 783040 HOLD-DOWN, BAR TYPE 2000/2100","Sumner","173.00","","",""
"783629","Sumner 783629 LOAD LINE ASSY, 2018/2118","Sumner","63.00","","",""
"783628","Sumner 783628 LOAD LINE ASSY, 2012/2112","Sumner","60.00","","",""
"783630","Sumner 783630 LOAD LINE ASSY, 2024/2124","Sumner","68.00","","",""
"771146","Sumner 771146 SCREW, HHC 5/8-11 X 4","Sumner","5.00","","",""
"772503","Sumner 772503 NUT, INSERT JAM 5/8-11","Sumner","3.00","","",""
"783935","Sumner 783935 OUTRIGGER ASSEMBLY, 2000/2100 LIFTS","Sumner","859.00","","",""
"778383","Sumner 778383 LABEL KIT, 2100 SERIES","Sumner","77.00","","",""
"783552","Sumner 783552 STANDOFF","Sumner","52.00","","",""
"786585","Sumner 786585 LIFTING HOOK WELDMENT, CD LIFT","Sumner","123.00","","",""
"783655","Sumner 783655 MAST FABRICATION - BOTTOM 2100","Sumner","1055.00","","",""
"783661","Sumner 783661 UPPER MAST FABRICATION - 2100","Sumner","1750.00","","",""
"783921","Sumner 783921 PULLEY ASSEMBLY 2000/2100 LIFTS","Sumner","86.00","","",""
"783478","Sumner 783478 BACKING PLATE, MACHINED","Sumner","92.00","","",""
"783534","Sumner 783534 CARRIAGE","Sumner","481.00","","",""
"783663","Sumner 783663 BRAKE KIT, 2100 SERIES","Sumner","152.00","","",""
"783692","Sumner 783692 BRAKE CAM & WEIGHT ASSEMBLY - 2100 SERIES","Sumner","168.00","","",""
"783547","Sumner 783547 FORK WELDMENT","Sumner","345.00","","",""
"783496","Sumner 783496 FORK WELDMENT GALV","Sumner","385.00","","",""
"774035","Sumner 774035 SPACER, BUTTITE 1/2 X 1-1/2","Sumner","14.00","","",""
"783508","Sumner 783508 PIN, LOCATOR","Sumner","19.00","","",""
"783509","Sumner 783509 PIN, DETENT","Sumner","21.00","","",""
"783789","Sumner 783789 FORK EXTENSION LIMIT ROD 2000/2100","Sumner","37.00","","",""
"783588","Sumner 783588 FORK EXTENSION WELDMENT","Sumner","158.00","","",""
"774092","Sumner 774092 PIN, ROLL 1/8 X 5/8","Sumner","0.38","","",""
"783749","Sumner 783749 BASE WELDMENT, 2100 SERIES","Sumner","666.00","","",""
"779005","Sumner 779005 CASTER 5" PLATE SWIVEL (RED)","Sumner","134.00","","",""
"783499","Sumner 783499 BASE WELDMENT, 2100 SERIES GALV","Sumner","838.00","","",""
"771269","Sumner 771269 SCREW,BHC 5/16-18 X 3/4","Sumner","4.00","","",""
"783738","Sumner 783738 FRONT LEG WELDMENT, 18/20/24/25","Sumner","372.00","","",""
"783732","Sumner 783732 FRONT LEG WELDMENT, 10/12/15","Sumner","301.00","","",""
"783497","Sumner 783497 FRONT LEG WELD 20/25/18/24 GALV","Sumner","415.00","","",""
"783498","Sumner 783498 FRONT LEG WELD 10/15/12 GALV","Sumner","388.00","","",""
"783569","Sumner 783569 ROLLER, LEG","Sumner","69.00","","",""
"776077","Sumner 776077 RETAINER RING #5133-62","Sumner","4.00","","",""
"783644","Sumner 783644 SHAFT, LEG ROLLER","Sumner","28.00","","",""
"783528","Sumner 783528 LEG WELDMENT, OUTRIGGER","Sumner","100.00","","",""
"784494","Sumner 784494 SIDE PLATE ASSEMBLY - RH, NL WINCH","Sumner","351.00","","",""
"784492","Sumner 784492 SIDE PLATE ASSEMBLY - LH, NL WINCH","Sumner","241.00","","",""
"783613","Sumner 783613 DRUM  ASSEMBLY","Sumner","373.00","","",""
"784498","Sumner 784498 PLATE, INNER BRAKE DISC, NL WINCH","Sumner","64.00","","",""
"783599","Sumner 783599 SPACER - WINCH SIDE PLATE","Sumner","20.00","","",""
"779045","Sumner 779045 WHEEL, POLY OLEFIN 5"","Sumner","17.00","","",""
"783041","Sumner 783041 MAST HOLD DOWN WELDMENT","Sumner","147.00","","",""
"783044","Sumner 783044 MAST HOLD DOWN SPACER","Sumner","16.00","","",""
"783581","Sumner 783581 SPREADER PLATE WELDMENT","Sumner","55.00","","",""
"783735","Sumner 783735 AXLE SUPPORT, 2100 SERIES LIFT","Sumner","109.00","","",""
"782544","Sumner 782544 AXLE, MODEL 209","Sumner","68.00","","",""
"774039","Sumner 774039 SPACER, BUTTITE 5/8 X 4","Sumner","24.00","","",""
"771112","Sumner 771112 SCREW, HHC 3/8-16 X 2","Sumner","4.00","","",""
"783740","Sumner 783740 LEG LOCK WELDMENT, 2100 SERIES","Sumner","80.00","","",""
"784797","Sumner 784797 LOAD LINE ASSY, 2016S    (51 FT.)","Sumner","69.34","","",""
"783945","Sumner 783945 OUTRIGGER LOCK KIT, 2000/2100","Sumner","195.31","","",""
"783881","Sumner 783881 BRAKE KIT, 2000 AND EVENTER","Sumner","136.63","","",""
"783886","Sumner 783886 LOAD LINE ASSM, 2010 LIFT","Sumner","95.00","","",""
"783887","Sumner 783887 LOAD LINE ASSM, 2020 LIFT","Sumner","102.00","","",""
"783808","Sumner 783808 MAST FABRICATION","Sumner","1127.00","","",""
"783824","Sumner 783824 BTM MAST ASSY, HD","Sumner","1575.00","","",""
"783825","Sumner 783825 CTR MAST ASSY - HD","Sumner","1575.00","","",""
"783826","Sumner 783826 TOP MAST ASSY - HD","Sumner","1575.00","","",""
"783758","Sumner 783758 WINCH HANDLE WELDMENT, 2 SPEED","Sumner","298.00","","",""
"783759","Sumner 783759 WINCH HANDLE ASSEMBLY, 2 SPEED","Sumner","235.00","","",""
"783691","Sumner 783691 FORK EXTENSION KIT ASSEMBLY","Sumner","295.00","","",""
"783589","Sumner 783589 LIMIT ROD","Sumner","27.00","","",""
"783533","Sumner 783533 CARRIAGE ASSEMBLY","Sumner","740.00","","",""
"783504","Sumner 783504 MAST COVER - BOTTOM","Sumner","50.00","","",""
"783045","Sumner 783045 MAST HOLD DOWN SPACER PLTD.","Sumner","14.00","","",""
"778382","Sumner 778382 LABEL KIT, 2000 SERIES LIFT","Sumner","77.00","","",""
"778350","Sumner 778350 LABEL, GENERAL WARNINGS","Sumner","24.00","","",""
"778365","Sumner 778365 LABEL, MODEL 2010","Sumner","7.00","","",""
"778366","Sumner 778366 LABEL, MODEL 2015","Sumner","3.17","","",""
"778367","Sumner 778367 LABEL, MODEL 2020","Sumner","5.00","","",""
"778368","Sumner 778368 LABEL, MAST 2025","Sumner","5.00","","",""
"778342","Sumner 778342 SUMNER LOGO (2 1/2" HIGH)","Sumner","11.00","","",""
"773631","Sumner 773631 WASTHER, FLAT OVERSIZED 3/8 X .140 THK.","Sumner","5.00","","",""
"773098","Sumner 773098 SPACER 2-3/4 X 3-3/4 X 1/8 THK","Sumner","13.00","","",""
"780297","Sumner 780297 SHEAVE ASSM, 2" R-SERIES RAB","Sumner","53.00","","",""
"780251","Sumner 780251 RATCHET DOG SPACER WJ-55","Sumner","25.00","","",""
"780175","Sumner 780175 R-SERIES/Z-SERIES CS 2000 Winch Assembly","Sumner","3086.00","","",""
"1027","EE 1027 Sumner Brake Paw/Dog Kits for E20, E25, 2118, 2124, 2010, 2015, 2020, 2025","Energized Engines","75.00","","",""
"786320","Sumner 786320 Tray Assembly 2000/2100/2500 Lift","Sumner","800.00","","",""
"786783","Sumner 786783 2025 Material Lift (25/650 lbs.) - Galvanized","Sumner","7280.00","","",""
"786782","Sumner 786782 2020 Material Lift (20/800 lbs.) - Galvanized","Sumner","6680.00","","",""
"786781","Sumner 786781 2015 Material Lift (15/800 lbs.) - Galvanized","Sumner","5600.00","","",""
"786382","Sumner 786382 2016S Short Stack Lift (16'/800lbs.)","Sumner","5600.00","","",""
"786383","Sumner 786383 2012S Short Stack Lift (12'/800lbs.)","Sumner","4640.00","","",""
"784087","Sumner 784087 2016S Short Stack Lift (16'/800lbs.) - Galvanized","Sumner","6240.00","","",""
"784093","Sumner 784093 2012S Short Stack Lift (12'/800lbs.) - Galvanized","Sumner","5120.00","","",""
"783705","Sumner 783705 Pipe Cradle (pair)","Sumner","405.00","","",""
"783701","Sumner 783701 2015 Material Lift (15/800 lbs.)","Sumner","4840.00","","",""
"783700","Sumner 783700 2010 Material Lift (10/1000 lbs.)","Sumner","3920.00","","",""
"783642","Sumner 783642 Boom Assembly","Sumner","570.00","","",""
"783223","Sumner 783223 2010 Material Lift (10/1000 lbs.) - Galvanized","Sumner","4480.00","","",""
"783765","Two Speed Winch Handle Kit for Series 2000, 2100 and 2400","Sumner","298.00","","",""
"1046","EE 1046 After Market Sumner 778350 Series 2000 and 2100 Main Warning Label","Energized Engines","8.00","","",""
"1065","EE 1065 After Market Sumner 778346 Decal","Energized Engines","4.00","","",""
"783703","Sumner 783703 Material Lift (25'/650 lbs.) - Model 2025","Sumner","6320.00","","",""
"783702","Sumner 783702 Material Lift (20'/800 lbs.) - Model 2020","Sumner","5800.00","","",""
"1017","EE 1017 After Market Sumner 779011 Dolly Wheel Individual for Series 2000 and 2100 Lifts","Energized Engines","54.00","","",""
"1026","EE 1026 Cable Anchor Kit","Energized Engines","22.00","","",""
"1022","EE 1022 After Market Sumner 779005 Caster(4) Plus Kit (Red) for Series 2000 and 2100","Energized Engines","173.00","","",""
"1021","EE 1021 After Market Sumner 779002 Outrigger Caster for Series 2000 and 2100 Plus Kit","Energized Engines","69.60","","",""
"1016","EE 1016 After Market Sumner 779011 Dolly Wheel Set for Series 2000 and 2100 Lifts","Energized Engines","93.60","","",""
"1015","EE 1015 After Market Sumner 783919 MAST COVER PLASTIC - TOP 2100","Energized Engines","42.00","","",""
"776067","Sumner 776067 SPRING, "SS" FOR UC 6&12","Sumner","3.56","","",""
"1003","EE 1003 Aftermarket Sumner Load Line Cable, Eventer or 2000 Series","Energized Engines","78.00","","",""
"","AFTERMARKET LIFT HOOK WELDMENT 2000 2100 SERIES EE 1020","Energized Engines","86.00","","",""
"","After Market Sumner Dolly Wheels 2100 Series, 2000 Series","Energized Engines","60.00","","",""
"2001","Aftermarket Outlet Supply Pressure Hose Assembly Hydro-Test Pump","Energized Engines","79.00","","",""
"2003","Operators Manual Kit with Tube and Heavy Duty Zip Ties EE 2003","Energized Engines","19.00","","",""
"","Pulley Kit - EE 2004","Energized Engines","90.10","","",""
"784778","Sumner 784778 SHAFT, ROLLER 2400 LIFT","Sumner","35.00","","",""
"","AFTERMARKET ROLLER SHAFT KIT 2400 SERIES EE 2005","Energized Engines","19.00","","",""
"779910","Sumner 779910 Weldbox 2008","Sumner","161.39","","",""
"780046","Sumner 780046 SHEAVE, 4IN, RAB-411","Sumner","129.00","","",""
"785977","Sumner 785977 MAST ROLLER COVER KIT, 2010","Sumner","100.00","","",""
"786585","Sumner 786585 LIFTING HOOK WELDMENT, CD LIFT","Sumner","123.00","","",""
"783886","Sumner 783886 LOAD LINE ASSM, 2010 LIFT","Sumner","95.00","","",""
"778365","Sumner 778365 LABEL, MODEL 2010","Sumner","7.00","","",""
"1027","EE 1027 Sumner Brake Paw/Dog Kits for E20, E25, 2118, 2124, 2010, 2015, 2020, 2025","Energized Engines","75.00","","",""
"783700","Sumner 783700 2010 Material Lift (10/1000 lbs.)","Sumner","3920.00","","",""
"783223","Sumner 783223 2010 Material Lift (10/1000 lbs.) - Galvanized","Sumner","4480.00","","",""
"1025","EE 1025 After Market Sumner 779005 Caster Plus Kit","Energized Engines","163.00","","",""
"1003","EE 1003 Aftermarket Sumner Load Line Cable, Eventer or 2000 Series","Energized Engines","78.00","","",""
"780820","Sumner 780820 BRACE, MAST, RIGHT LF-166","Sumner","62.00","","",""
"783628","Sumner 783628 LOAD LINE ASSY, 2012/2112","Sumner","60.00","","",""
"1001","EE 1001 After Market Sumner 783628, 783629 & 783630 Load Line Cable - 2100 Series","Energized Engines","53.00","","",""
"783620","Sumner 783620 SHAFT, ROLLER","Sumner","27.00","","",""
"783715","Sumner 783715 MAST HOLD DOWN ASSEMBLY","Sumner","94.00","","",""
"785978","Sumner 785978 MAST ROLLER COVER KIT, 2015","Sumner","150.00","","",""
"783834","Sumner 783834 LOAD LINE ASSY, 2015 LIFT","Sumner","99.00","","",""
"778366","Sumner 778366 LABEL, MODEL 2015","Sumner","3.17","","",""
"1027","EE 1027 Sumner Brake Paw/Dog Kits for E20, E25, 2118, 2124, 2010, 2015, 2020, 2025","Energized Engines","75.00","","",""
"786781","Sumner 786781 2015 Material Lift (15/800 lbs.) - Galvanized","Sumner","5600.00","","",""
"783701","Sumner 783701 2015 Material Lift (15/800 lbs.)","Sumner","4840.00","","",""
"1025","EE 1025 After Market Sumner 779005 Caster Plus Kit","Energized Engines","163.00","","",""
"1003","EE 1003 Aftermarket Sumner Load Line Cable, Eventer or 2000 Series","Energized Engines","78.00","","",""
"","EE 2017 Roust A Bout R-180 SAFETY DECAL KIT","Energized Engines","85.00","","",""
"783629","Sumner 783629 LOAD LINE ASSY, 2018/2118","Sumner","63.00","","",""
"1001","EE 1001 After Market Sumner 783628, 783629 & 783630 Load Line Cable - 2100 Series","Energized Engines","53.00","","",""
"","EE 2018 ROUST A BOUT R-100/150 SAFETY DECAL KIT","Energized Engines","85.00","","",""
"780301","Sumner 780301 Sumner R-150 Roust-A-Bout™, 15" Top Ht","Sumner","7520.00","","",""
"785979","Sumner 785979 MAST ROLLER COVER KIT, 2020","Sumner","200.00","","",""
"783887","Sumner 783887 LOAD LINE ASSM, 2020 LIFT","Sumner","102.00","","",""
"778367","Sumner 778367 LABEL, MODEL 2020","Sumner","5.00","","",""
"1027","EE 1027 Sumner Brake Paw/Dog Kits for E20, E25, 2118, 2124, 2010, 2015, 2020, 2025","Energized Engines","75.00","","",""
"786782","Sumner 786782 2020 Material Lift (20/800 lbs.) - Galvanized","Sumner","6680.00","","",""
"783702","Sumner 783702 Material Lift (20'/800 lbs.) - Model 2020","Sumner","5800.00","","",""
"1025","EE 1025 After Market Sumner 779005 Caster Plus Kit","Energized Engines","163.00","","",""
"1003","EE 1003 Aftermarket Sumner Load Line Cable, Eventer or 2000 Series","Energized Engines","78.00","","",""
"","2400 SERIES DOLLY WHEEL KIT - T BAR STYLE EE 2021","Energized Engines","309.00","","",""
"783630","Sumner 783630 LOAD LINE ASSY, 2024/2124","Sumner","68.00","","",""
"1001","EE 1001 After Market Sumner 783628, 783629 & 783630 Load Line Cable - 2100 Series","Energized Engines","53.00","","",""
"57782GT","Genie 57782GT Polyolefin Wheel, 2.5" x 1.25", 7/8" Bore","Genie","5.58","","",""
"6082GT","Genie 6082GT Handle Ball Knob","Genie","19.94","","",""
"57784GT","Genie 57784GT Polyolefin Wheel, 4" x 1.25", 1/2" Bore","Genie","8.25","","",""
"32474","Genie 32474 Guard Roller, SL2","Genie","3.43","","",""
"57783","Genie 57783 Polyolefin Wheel, 3.5" x 1.25", 7/8" Bore","Genie","6.80","","",""
"33670GT","Genie 33670GT Skid Pad","Genie","9.66","","",""
"35101GT","Genie 35101GT Safety Brake","Genie","119.00","","",""
"32483","Genie 32483 Pin, Roll, .25" x .50"","Genie","1.00","","",""
"32524GT","Genie 32524GT Axle Tube, SL2 Leg","Genie","18.10","","",""
"57023","Genie 57023 Shoulder Bolt","Genie","2.25","","",""
"32499GT","Genie 32499GT E-Clip, .875" Stabilizing Leg","Genie","1.00","","",""
"32509GT","Genie 32509GT Pivot Tube","Genie","16.00","","",""
"33373GT","Genie 33373GT Shim Washer","Genie","1.01","","",""
"12402GT","Genie 12402GT Cable Replacement Coupler","Genie","55.00","","",""
"48301GT","Genie 48301GT Toggle Fork Pin","Genie","16.00","","",""
"11337GT","Genie 11337GT Roll Pin","Genie","1.00","","",""
"6277GT","Genie 6277GT Lock Pin, Plunger","Genie","20.00","","",""
"32375GT","Genie 32375GT Lock Pin","Genie","22.00","","",""
"33674","Genie 33674 Lock Pin, Plunger","Genie","20.00","","",""
"6825","Genie 6825 Outrigger Pin Lock","Genie","11.00","","",""
"33830-SGT","Genie 33830-SGT Wheel Spacer","Genie","46.00","","",""
"33653PGT","Genie 33653PGT Hold Down Hook","Genie","37.00","","",""
"33663PGT","Genie 33663PGT Hold Down Bracket","Genie","28.00","","",""
"124793GT","Genie 124793GT Foot Pad Kit","Genie","33.00","","",""
"32522","Genie 32522 Down Stop","Genie","19.00","","",""
"11890GT","Genie 11890GT Glide Button","Genie","5.00","","",""
"501127","Genie 501127 Brake Pad Kit","Genie","30.00","","",""
"6789GT","Genie 6789GT Cable Retainer Clip","Genie","95.00","","",""
"32475GT","Genie 32475GT Roller Bolt","Genie","9.00","","",""
"23394GT","Genie 23394GT Pulley","Genie","5.00","","",""
"40735GT","Genie 40735GT Spacer, 1/4ID x 3/8OD, .875LG","Genie","4.00","","",""
"32473GT","Genie 32473GT Roller Wheel","Genie","9.00","","",""
"6280","Genie 6280 Cable Guard","Genie","48.00","","",""
"35443","Genie 35443 Up Stop","Genie","7.00","","",""
"37283GT","Genie 37283GT Pulley","Genie","22.00","","",""
"21280GT","Genie 21280GT Bolt-Roller, 3/8-24 X 1.69, Zinc","Genie","7.00","","",""
"7269GT","Genie 7269GT Wedge Block","Genie","13.00","","",""
"41329","Genie 41329 Ratchet Assembly Silent","Genie","64.00","","",""
"6181GT","Genie 6181GT Threaded Rod, 3/8-24, 2.25","Genie","8.00","","",""
"21278GT","Genie 21278GT Nylatron Roller, 1.50" O.D.","Genie","9.00","","",""
"6180GT","Genie 6180GT Coupling, Rod, 3/8-24","Genie","14.00","","",""
"31707GT","Genie 31707GT Roller Kit (SL PLC AWP1)","Genie","27.00","","",""
"1074","EE 1074 Leg Lock Bolt","Energized Engines","6.00","","",""
"33144","Genie 3144 Winch Handle","Genie","35.00","","",""
"GN33673","Genie GN33673 Leveling Jack","Genie","99.00","","",""
"32470","Genie 32470 Pulley Mount","Genie","19.00","","",""
"35442","Genie 35442 Shim for Safety Brake","Genie","4.70","","",""
"33720","Genie 33720 Bearing Flange","Genie","4.00","","",""
"33811","Genie 33811 Coupling Bar Assembly","Genie","19.00","","",""
"35915","Genie 35915 Pulley Sheave","Genie","20.00","","",""
"8214","Genie 8214 Leveling Jack Handle","Genie","81.00","","",""
"35463","Genie 35463 Safety Brake Assembly","Genie","118.00","","",""
"80987","Genie 80987 Cable Anchor Kit","Genie","176.00","","",""
"35101","Genie 5101 Safety Brake Assembly","Genie","118.00","","",""
"35408","Genie 35408 Square Nut","Genie","1.00","","",""
"6833GT","Genie 6833GT Clamp","Genie","1.00","","",""
"49712","Genie 49712 Weld Nut","Genie","5.00","","",""
"56912","Genie 6912 Spring Clip, 1/4-20, .025-.15X.5","Genie","2.00","","",""
"35991","Genie 35991 Nut","Genie","1.00","","",""
"33700","Genie 33700 Pulley Mount","Genie","65.00","","",""
"32469","Genie 32469 Aluminum Pulley","Genie","50.00","","",""
"33663P","Genie 33663P Hold Down Bracket","Genie","25.00","","",""
"1071","EE 1071 Leg Lock Pin","Energized Engines","5.00","","",""
"1070","EE 1070 Leg Lock Pin","Energized Engines","6.00","","",""
"80679","Genie 80679 Pin","Genie","9.00","","",""
"32476","Genie 32476 Cable Guard","Genie","20.00","","",""
"32577","Genie 32577 Latch Plate","Genie","19.00","","",""
"33653P","Genie 33653P Hold Down Hook","Genie","36.00","","",""
"32576","Genie 32576 Pivot Tube","Genie","14.00","","",""
"35213","Genie 35213 Clamp Tube","Genie","60.00","","",""
"32519","Genie 2519 Spring","Genie","5.00","","",""
"109580","Genie 109580 Mast Stiffner","Genie","187.00","","",""
"109579","Genie 109579 Mast Stiffner","Genie","180.00","","",""
"100309","Genie 100309 Pin and Lanyard","Genie","20.00","","",""
"1072","EE 1072 Leg Lock Bolt","Energized Engines","6.00","","",""
"57019","Genie 57019 Downstop Block","Genie","10.00","","",""
"57018","Genie 57018 Plunger Block","Genie","20.00","","",""
"57021","Genie 57021 Downstop Tube","Genie","25.00","","",""
"32945","Genie 2945 Winch Assembly One Speed","Genie","468.00","","",""
"57024","Genie 57024 Downstop Plate","Genie","24.00","","",""
"32905","Genie 2905 Cable Assembly","Genie","62.00","","",""
"7250","Genie 7250 Cable Assembly","Genie","62.00","","",""
"785980","Sumner 785980 MAST ROLLER COVER KIT, 2025","Sumner","250.00","","",""
"783856","Sumner 783856 LOAD LINE ASSY, 2025 LIFT","Sumner","106.00","","",""
"783885","Sumner 783885 BRAKE KIT FOR 2025, EVENTER25","Sumner","358.17","","",""
"778368","Sumner 778368 LABEL, MAST 2025","Sumner","5.00","","",""
"1027","EE 1027 Sumner Brake Paw/Dog Kits for E20, E25, 2118, 2124, 2010, 2015, 2020, 2025","Energized Engines","75.00","","",""
"786783","Sumner 786783 2025 Material Lift (25/650 lbs.) - Galvanized","Sumner","7280.00","","",""
"783703","Sumner 783703 Material Lift (25'/650 lbs.) - Model 2025","Sumner","6320.00","","",""
"1025","EE 1025 After Market Sumner 779005 Caster Plus Kit","Energized Engines","163.00","","",""
"1003","EE 1003 Aftermarket Sumner Load Line Cable, Eventer or 2000 Series","Energized Engines","78.00","","",""
"779070","779070  LOWER PULLEY MOUNTING KIT (2000/2100/2500)","Energized Engines","93.00","","",""
"783620","Sumner 783620 SHAFT, ROLLER","Sumner","27.00","","",""
"780820","Sumner 780820 BRACE, MAST, RIGHT LF-166","Sumner","62.00","","",""
"783829","Sumner 783829 MAST BRACE - LH  EVENTER","Sumner","50.00","","",""
"1084","EE 1084 Cable Anchor for Load Line Cable for Series 2000, 2100 and Eventer","Energized Engines","2.00","","",""
"1080","EE 1080 Leg Bolt Kit for Series 2000 and 2100","Energized Engines","6.00","","",""
"1079","EE 1079 Support Mast Hardware Kit for Series 2000, 2100 and Eventer","Energized Engines","5.00","","",""
"1077","EE 1077 Winch Hardware Kit for Series 2000, 2100 and Eventer","Energized Engines","5.00","","",""
"1076","EE 1076 Winch Bolt Kit for Series 2000 and 2100","Energized Engines","5.00","","",""
"1075","EE 1075 Base Caster Hardware for Series 2000 and 2100","Energized Engines","8.00","","",""
"1078","EE 1078 Outrigger Caster Hardware for Series 2000 and 2100","Energized Engines","3.00","","",""
"783812","Sumner 783812 PULLEY ASSEMBLY","Sumner","86.00","","",""
"1069","Reman Mast Roller 2100 2000 SERIES EE 1069 783540 COMPATIBLE","Energized Engines","18.00","","",""
"1067","EE 1067 Outrigger kit","Energized Engines","305.00","","",""
"771103","Sumner 771103 SCREW, HHC 3/8-16 X 4","Sumner","3.78","","",""
"784070","Sumner 784070 Foot Jack Assembly","Sumner","198.64","","",""
"771349","Sumner 771349 SCR, SHOULDER 5/16 X 3/8","Sumner","3.65","","",""
"778335","Sumner 778335 TAPE, 2" B/Y CAUTION STRIPE (1 Roll)","Sumner","33.94","","",""
"778349","Sumner 778349 LABEL,FORK EXT. MAX LOAD","Sumner","11.00","","",""
"778371","Sumner 778371 LABEL, MAST 2118","Sumner","23.00","","",""
"778370","Sumner 778370 LABEL, MAST 2112","Sumner","5.00","","",""
"778372","Sumner 778372 LABEL, MAST 2124","Sumner","21.00","","",""
"783459","Sumner 783459 PLUNGER ASSEMBLY KIT, STANDARD","Sumner","13.42","","",""
"783453","Sumner 783453 LOWER PULLEY ASSY KIT, 2000/EVENTER 20/2","Sumner","63.42","","",""
"783495","Sumner 783495 LEG WELDMENT, OUTRIGGER GALV","Sumner","197.00","","",""
"783535","Sumner 783535 FORK ASSEMBLY, WITH EXTENSIONS","Sumner","480.10","","",""
"783506","Sumner 783506 MAST COVER - TOP","Sumner","50.00","","",""
"783564","Sumner 783564 AXLE SUPPORT WELDMENT (OLD) AFTERMARKET EE 2009","Sumner","24.00","","",""
"783608","Sumner 783608 WINCH HANDLE ASSEMBLY","Sumner","160.96","","",""
"783665","Sumner 783665 FRONT LEG WELDMENT 18/24FT","Sumner","324.27","","",""
"783667","Sumner 783667 10"WHEEL KIT","Sumner","229.77","","",""
"783666","Sumner 783666 LEG ASSEMBLY 18/24FT - 2100","Sumner","411.43","","",""
"783677","Sumner 783677 FRT - LEG WLDMT 12FT 2100 LIFT","Sumner","277.09","","",""
"783673","Sumner 783673 LEG LOCK (RIGHT SIDE)","Sumner","47.29","","",""
"783680","Sumner 783680 OUTRIGGER SUPT TUBE","Sumner","35.58","","",""
"783678","Sumner 783678 LEG ASSY  10/12/15FT","Sumner","361.46","","",""
"783681","Sumner 783681 LEG LOCK (LEFT HAND)","Sumner","47.29","","",""
"783717","Sumner 783717 OUTRIGGER SUPPORT BAR","Sumner","37.05","","",""
"783762","Sumner 783762 WINCH HANDLE ADAPTOR, LONG","Sumner","97.03","","",""
"783761","Sumner 783761 TWO SPEED WINCH HANDLE KIT","Sumner","413.83","","",""
"783957","Sumner 783957 FRONT LEG ASSY 18/20/24/25 GALVANIZED","Sumner","414.25","","",""
"783956","Sumner 783956 FRONT LEG ASSEMBLY, 10/12/15 GALVANIZED","Sumner","385.31","","",""
"783958","Sumner 783958 FORK ASSEMBLY, 2100/2000 GALVANIZED","Sumner","331.63","","",""
"784095","Sumner 784095 TOP MAST ASSEMBLY, 2012S LIFT","Sumner","1054.62","","",""
"783959","Sumner 783959 OUTRIGGER ASSEMBLY, 2000/2100 GALVANIZED","Sumner","697.94","","",""
"784097","Sumner 784097 BTM MAST ASSEMBLY, 2012S","Sumner","1054.62","","",""
"784096","Sumner 784096 CTR MAST ASSEMBLY, 2012S LIFT","Sumner","1054.62","","",""
"784099","Sumner 784099 MAST FABRICATION, BTM MAST 2012S LIFT","Sumner","574.15","","",""
"785977","Sumner 785977 MAST ROLLER COVER KIT, 2010","Sumner","100.00","","",""
"784796","Sumner 784796 LOAD LINE ASSY, 2012S    (41 FT.)","Sumner","67.17","","",""
"785979","Sumner 785979 MAST ROLLER COVER KIT, 2020","Sumner","200.00","","",""
"785978","Sumner 785978 MAST ROLLER COVER KIT, 2015","Sumner","150.00","","",""
"785980","Sumner 785980 MAST ROLLER COVER KIT, 2025","Sumner","250.00","","",""
"785985","Sumner 785985 MAST ROLLER COVER KIT, 2118","Sumner","150.00","","",""
"785984","Sumner 785984 MAST ROLLER COVER KIT, 2112","Sumner","100.00","","",""
"785986","Sumner 785986 MAST ROLLER COVER KIT, 2124","Sumner","200.00","","",""
"786696","Sumner 786696 STRAP FOR HANDLE ASSEMBLY","Sumner","109.00","","",""
"786695","Sumner 786695 HANDLE ASSEMBLY, 2000/2100 LIFT","Sumner","270.00","","",""
"776212","Sumner 776212 SPRING, #C0480-042-1250-M","Sumner","5.00","","",""
"782510","Sumner 782510 PLUNGER","Sumner","29.00","","",""
"775110","Sumner 775110 SPLIT-RING 1-1/4"NICK.PLTD.","Sumner","5.00","","",""
"774095","Sumner 774095 PIN, ROLL, HOLLOW, 1/8 X 1","Sumner","1.00","","",""
"773094","Sumner 773094 WASHER, FLAT SAE 1/2","Sumner","1.00","","",""
"774180","Sumner 774180 SPRING PLUNGER, 1/4 DIA","Sumner","19.00","","",""
"779011","Sumner 779011 WHEEL, 10" RUBBER TIRE","Sumner","115.00","","",""
"774054","Sumner 774054 COTTER, CIRCLE Z/P .072X 1 1/8","Sumner","1.00","","",""
"773051","Sumner 773051 WASHER, FLAT 5/8","Sumner","4.00","","",""
"783575","Sumner 783575 STOP BLOCK","Sumner","10.00","","",""
"771060","Sumner 771060 SCREW, HHC 3/8-16 X 1-1/4"","Sumner","2.00","","",""
"783551","Sumner 783551 LOCK BLOCK","Sumner","28.00","","",""
"783885","Sumner 783885 BRAKE KIT FOR 2025, EVENTER25","Sumner","358.17","","",""
"771090","Sumner 771090 SCREW, HHC, 3/8-16 X 1-1/2","Sumner","3.00","","",""
"783537","Sumner 783537 PULLEY MOUNTING BRACKET","Sumner","68.32","","",""
"773096","Sumner 773096 WASHER, FLAT 7/16 SAE","Sumner","1.00","","",""
"783649","Sumner 783649 TOP REINFORCEMENT BRACKET","Sumner","11.00","","",""
"783694","Sumner 783694 STOP BLOCK WEDGE (TOP MAST ONLY)","Sumner","26.00","","",""
"783606","Sumner 783606 DRUM SPACER SHAFT","Sumner","35.00","","",""
"780211","Sumner 780211 PLATE, INNER BRAKE DISC WJ-14","Sumner","78.00","","",""
"783754","Sumner 783754 DRIVE SHAFT, MX WINCH","Sumner","144.00","","",""
"780212","Sumner 780212 PLATE, OUTER BRAKE DISC WJ-15","Sumner","78.00","","",""
"780214","Sumner 780214 BRAKE RATCHET WJ-17","Sumner","72.00","","",""
"783615","Sumner 783615 BRAKE DISK","Sumner","34.00","","",""
"783598","Sumner 783598 SPACER - RATCHET","Sumner","35.00","","",""
"783612","Sumner 783612 BRAKE COVER","Sumner","24.00","","",""
"783621","Sumner 783621 RATCHET DOG SPRING","Sumner","8.00","","",""
"776072","Sumner 776072 RETAINER RING #5100-50","Sumner","3.00","","",""
"782619","Sumner 782619 WINCH SHAFT, ROLLER","Sumner","27.00","","",""
"783764","Sumner 783764 SLEEVE, ROLLER SHAFT","Sumner","15.00","","",""
"773085","Sumner 773085 WASHER BELLVILLE SPRING","Sumner","6.00","","",""
"779317","Sumner 779317 RAPID LINK, PEAR SHAPED 1/8"","Sumner","13.00","","",""
"772100","Sumner 772100 NUT, HEX 1/2-13 PLATED","Sumner","1.00","","",""
"782960","Sumner 782960 ROLLER SHAFT, CARR.715/720","Sumner","7.00","","",""
"780025","Sumner 780025 SHEAVE, RAB-222 (2") Z-22","Sumner","103.00","","",""
"783530","Sumner 783530 BRAKE SPRING","Sumner","7.00","","",""
"783757","Sumner 783757 Winch Handle for Series 2000, 2100, 2400 and Eventer","Sumner","244.00","","",""
"783756","Sumner 783756 HANDLE WELDMENT","Sumner","244.00","","",""
"776055","Sumner 776055 SCREW, SELF TAPPING 3/4" LONG","Sumner","1.00","","",""
"774051","Sumner 774051 PIN, COTTER 1/8 X 3/4","Sumner","1.00","","",""
"783943","Sumner 783943 OUTRIGGER SUPPORT TUBE","Sumner","77.30","","",""
"774080","Sumner 774080 PIN, ROLL","Sumner","1.00","","",""
"783940","Sumner 783940 OUTRIGGER LOCK ASSEMBLY","Sumner","104.00","","",""
"778348","Sumner 778348 LABEL, LOWER STABILIZER LEGS","Sumner","11.00","","",""
"783942","Sumner 783942 OUTRIGGER LOCK FINGER","Sumner","25.00","","",""
"783941","Sumner 783941 OUTRIGGER LOCK TUBE","Sumner","33.00","","",""
"771141","Sumner 771141 SCREW, HHC 1/2-13 X 2-3/4","Sumner","4.00","","",""
"783944","Sumner 783944 OUTRIGGER SUPPORT TUBE STUB","Sumner","21.00","","",""
"776221","Sumner 776221 SPRING, CENTURY #2952","Sumner","5.00","","",""
"779938","Sumner 779938 CAP, RECT RD END 3/16 X 1/2 X 2","Sumner","4.00","","",""
"774084","Sumner 774084 PIN, Spring 3/16 x 2"","Sumner","2.00","","",""
"778461","Sumner 778461 LABEL, MAST HOLD DOWN BAR TYPE","Sumner","18.00","","",""
"774117","Sumner 774117 PIN, DOWEL 5/16 X 1 3/4","Sumner","4.00","","",""
"784288","Sumner 784288 FORK EXTENSION LIMIT ROD 2000/2100","Sumner","522.00","","",""
"783750","Sumner 783750 BASE ASSEMBLY, 2100 LIFT","Sumner","800.00","","",""
"783730","Sumner 783730 FRONT LEG ASSEMBLY 10/12/15","Sumner","472.00","","",""
"783746","Sumner 783746 LEG LOCK ASSEMBLY, 2100 SERIES","Sumner","110.00","","",""
"783736","Sumner 783736 10" Wheel Kit","Sumner","275.00","","",""
"783739","Sumner 783739 FRONT LEG ASSM 18/20/24/25","Sumner","538.00","","",""
"783662","Sumner 783662 CENTER MAST ASSEMBLY - 2100","Sumner","1815.00","","",""
"783660","Sumner 783660 BOTTOM MAST ASSEMBLY - 2100","Sumner","1815.00","","",""
"783682","Sumner 783682 CARRIAGE ASSY. 2100 LIFT","Sumner","795.00","","",""
"783683","Sumner 783683 TOP MAST ASSY 2100 LIFT","Sumner","1858.00","","",""
"784490","Sumner 784490 NL Winch assembly, Fits Series 2000 and 2100, Eventer 20 and 25","Sumner","1979.00","","",""
"783653","Sumner 783653 STANDARD FORK ASSY.","Sumner","405.00","","",""
"783582","Sumner 783582 SPREADER PLATE ASSEMBLY","Sumner","108.00","","",""
"780819","Sumner 780819 BRACE, MAST, LEFT LF-165","Sumner","62.00","","",""
"783916","Sumner 783916 MAST COVER ALUM - BOTTOM 2000/2100/2600","Sumner","68.00","","",""
"783919","Sumner 783919 MAST COVER ALUM - TOP 2100","Sumner","68.00","","",""
"783040","Sumner 783040 HOLD-DOWN, BAR TYPE 2000/2100","Sumner","173.00","","",""
"783629","Sumner 783629 LOAD LINE ASSY, 2018/2118","Sumner","63.00","","",""
"783628","Sumner 783628 LOAD LINE ASSY, 2012/2112","Sumner","60.00","","",""
"783630","Sumner 783630 LOAD LINE ASSY, 2024/2124","Sumner","68.00","","",""
"771146","Sumner 771146 SCREW, HHC 5/8-11 X 4","Sumner","5.00","","",""
"771252","Sumner 771252 SCREW, SHC 1/2 - 13 X 2","Sumner","5.00","","",""
"783935","Sumner 783935 OUTRIGGER ASSEMBLY, 2000/2100 LIFTS","Sumner","859.00","","",""
"778383","Sumner 778383 LABEL KIT, 2100 SERIES","Sumner","77.00","","",""
"783552","Sumner 783552 STANDOFF","Sumner","52.00","","",""
"786585","Sumner 786585 LIFTING HOOK WELDMENT, CD LIFT","Sumner","123.00","","",""
"783655","Sumner 783655 MAST FABRICATION - BOTTOM 2100","Sumner","1055.00","","",""
"783661","Sumner 783661 UPPER MAST FABRICATION - 2100","Sumner","1750.00","","",""
"783489","Sumner 783489 TOP PULLEY MOUNT, 2600","Sumner","219.00","","",""
"783921","Sumner 783921 PULLEY ASSEMBLY 2000/2100 LIFTS","Sumner","86.00","","",""
"771339","Sumner 771339 7710SCREW,SHOULDER 1/2 X 1/4","Sumner","44.00","","",""
"783478","Sumner 783478 BACKING PLATE, MACHINED","Sumner","92.00","","",""
"783534","Sumner 783534 CARRIAGE","Sumner","481.00","","",""
"783484","Sumner 783484 PLATE, TOP PULLEY MOUNT 2600","Sumner","29.00","","",""
"783663","Sumner 783663 BRAKE KIT, 2100 SERIES","Sumner","152.00","","",""
"783692","Sumner 783692 BRAKE CAM & WEIGHT ASSEMBLY - 2100 SERIES","Sumner","168.00","","",""
"783547","Sumner 783547 FORK WELDMENT","Sumner","345.00","","",""
"783496","Sumner 783496 FORK WELDMENT GALV","Sumner","385.00","","",""
"774035","Sumner 774035 SPACER, BUTTITE 1/2 X 1-1/2","Sumner","14.00","","",""
"783508","Sumner 783508 PIN, LOCATOR","Sumner","19.00","","",""
"783509","Sumner 783509 PIN, DETENT","Sumner","21.00","","",""
"783789","Sumner 783789 FORK EXTENSION LIMIT ROD 2000/2100","Sumner","37.00","","",""
"783588","Sumner 783588 FORK EXTENSION WELDMENT","Sumner","158.00","","",""
"783749","Sumner 783749 BASE WELDMENT, 2100 SERIES","Sumner","666.00","","",""
"779005","Sumner 779005 CASTER 5" PLATE SWIVEL (RED)","Sumner","134.00","","",""
"783499","Sumner 783499 BASE WELDMENT, 2100 SERIES GALV","Sumner","838.00","","",""
"771269","Sumner 771269 SCREW,BHC 5/16-18 X 3/4","Sumner","4.00","","",""
"783738","Sumner 783738 FRONT LEG WELDMENT, 18/20/24/25","Sumner","372.00","","",""
"783732","Sumner 783732 FRONT LEG WELDMENT, 10/12/15","Sumner","301.00","","",""
"783497","Sumner 783497 FRONT LEG WELD 20/25/18/24 GALV","Sumner","415.00","","",""
"783498","Sumner 783498 FRONT LEG WELD 10/15/12 GALV","Sumner","388.00","","",""
"783569","Sumner 783569 ROLLER, LEG","Sumner","69.00","","",""
"776077","Sumner 776077 RETAINER RING #5133-62","Sumner","4.00","","",""
"783644","Sumner 783644 SHAFT, LEG ROLLER","Sumner","28.00","","",""
"783528","Sumner 783528 LEG WELDMENT, OUTRIGGER","Sumner","100.00","","",""
"783938","Sumner 783938 OUTRIGGER SUPPORT TUBE, 2500 LIFTS","Sumner","65.00","","",""
"784494","Sumner 784494 SIDE PLATE ASSEMBLY - RH, NL WINCH","Sumner","351.00","","",""
"784492","Sumner 784492 SIDE PLATE ASSEMBLY - LH, NL WINCH","Sumner","241.00","","",""
"783613","Sumner 783613 DRUM  ASSEMBLY","Sumner","373.00","","",""
"779045","Sumner 779045 WHEEL, POLY OLEFIN 5"","Sumner","17.00","","",""
"783041","Sumner 783041 MAST HOLD DOWN WELDMENT","Sumner","147.00","","",""
"783044","Sumner 783044 MAST HOLD DOWN SPACER","Sumner","16.00","","",""
"783581","Sumner 783581 SPREADER PLATE WELDMENT","Sumner","55.00","","",""
"783735","Sumner 783735 AXLE SUPPORT, 2100 SERIES LIFT","Sumner","109.00","","",""
"782544","Sumner 782544 AXLE, MODEL 209","Sumner","68.00","","",""
"774039","Sumner 774039 SPACER, BUTTITE 5/8 X 4","Sumner","24.00","","",""
"783740","Sumner 783740 LEG LOCK WELDMENT, 2100 SERIES","Sumner","80.00","","",""
"784797","Sumner 784797 LOAD LINE ASSY, 2016S    (51 FT.)","Sumner","69.34","","",""
"783945","Sumner 783945 OUTRIGGER LOCK KIT, 2000/2100","Sumner","195.31","","",""
"783881","Sumner 783881 BRAKE KIT, 2000 AND EVENTER","Sumner","136.63","","",""
"783886","Sumner 783886 LOAD LINE ASSM, 2010 LIFT","Sumner","95.00","","",""
"783887","Sumner 783887 LOAD LINE ASSM, 2020 LIFT","Sumner","102.00","","",""
"783808","Sumner 783808 MAST FABRICATION","Sumner","1127.00","","",""
"783824","Sumner 783824 BTM MAST ASSY, HD","Sumner","1575.00","","",""
"783825","Sumner 783825 CTR MAST ASSY - HD","Sumner","1575.00","","",""
"783826","Sumner 783826 TOP MAST ASSY - HD","Sumner","1575.00","","",""
"783758","Sumner 783758 WINCH HANDLE WELDMENT, 2 SPEED","Sumner","298.00","","",""
"783759","Sumner 783759 WINCH HANDLE ASSEMBLY, 2 SPEED","Sumner","235.00","","",""
"783691","Sumner 783691 FORK EXTENSION KIT ASSEMBLY","Sumner","295.00","","",""
"783589","Sumner 783589 LIMIT ROD","Sumner","27.00","","",""
"783533","Sumner 783533 CARRIAGE ASSEMBLY","Sumner","740.00","","",""
"783504","Sumner 783504 MAST COVER - BOTTOM","Sumner","50.00","","",""
"783045","Sumner 783045 MAST HOLD DOWN SPACER PLTD.","Sumner","14.00","","",""
"778382","Sumner 778382 LABEL KIT, 2000 SERIES LIFT","Sumner","77.00","","",""
"778350","Sumner 778350 LABEL, GENERAL WARNINGS","Sumner","24.00","","",""
"778365","Sumner 778365 LABEL, MODEL 2010","Sumner","7.00","","",""
"778366","Sumner 778366 LABEL, MODEL 2015","Sumner","3.17","","",""
"778367","Sumner 778367 LABEL, MODEL 2020","Sumner","5.00","","",""
"778368","Sumner 778368 LABEL, MAST 2025","Sumner","5.00","","",""
"778342","Sumner 778342 SUMNER LOGO (2 1/2" HIGH)","Sumner","11.00","","",""
"773098","Sumner 773098 SPACER 2-3/4 X 3-3/4 X 1/8 THK","Sumner","13.00","","",""
"780297","Sumner 780297 SHEAVE ASSM, 2" R-SERIES RAB","Sumner","53.00","","",""
"780251","Sumner 780251 RATCHET DOG SPACER WJ-55","Sumner","25.00","","",""
"1027","EE 1027 Sumner Brake Paw/Dog Kits for E20, E25, 2118, 2124, 2010, 2015, 2020, 2025","Energized Engines","75.00","","",""
"786320","Sumner 786320 Tray Assembly 2000/2100/2500 Lift","Sumner","800.00","","",""
"783705","Sumner 783705 Pipe Cradle (pair)","Sumner","405.00","","",""
"783642","Sumner 783642 Boom Assembly","Sumner","570.00","","",""
"783225","Sumner 783225 2112 Contractor Lift (12/650 lbs.) -  Galvanized","Sumner","4480.00","","",""
"783650","Sumner 783650 2112 Contractor Lift (12/650 lbs.)","Sumner","3700.00","","",""
"783765","Two Speed Winch Handle Kit for Series 2000, 2100 and 2400","Sumner","298.00","","",""
"1046","EE 1046 After Market Sumner 778350 Series 2000 and 2100 Main Warning Label","Energized Engines","8.00","","",""
"1065","EE 1065 After Market Sumner 778346 Decal","Energized Engines","4.00","","",""
"783227","Sumner SKU: 783227 / 2124 Contractor Lift (24/650 lbs.) - Galvanized","Sumner","6240.00","","",""
"783226","Sumner SKU: 783226 / 2118 Contractor Lift (18â€™/650 lbs.) - Galvanized","Sumner","5520.00","","",""
"783652","Sumner 783652 Contractor Lift - Model 2124","Sumner","5883.00","","",""
"783651","Sumner 783651 2118 CONTRACTOR LIFT (18'/650 LBS.)","Sumner","4650.00","","",""
"1017","EE 1017 After Market Sumner 779011 Dolly Wheel Individual for Series 2000 and 2100 Lifts","Energized Engines","54.00","","",""
"1026","EE 1026 Cable Anchor Kit","Energized Engines","22.00","","",""
"1022","EE 1022 After Market Sumner 779005 Caster(4) Plus Kit (Red) for Series 2000 and 2100","Energized Engines","173.00","","",""
"1021","EE 1021 After Market Sumner 779002 Outrigger Caster for Series 2000 and 2100 Plus Kit","Energized Engines","69.60","","",""
"1016","EE 1016 After Market Sumner 779011 Dolly Wheel Set for Series 2000 and 2100 Lifts","Energized Engines","93.60","","",""
"1015","EE 1015 After Market Sumner 783919 MAST COVER PLASTIC - TOP 2100","Energized Engines","42.00","","",""
"776067","Sumner 776067 SPRING, "SS" FOR UC 6&12","Sumner","3.56","","",""
"1001","EE 1001 After Market Sumner 783628, 783629 & 783630 Load Line Cable - 2100 Series","Energized Engines","53.00","","",""
"","AFTERMARKET LIFT HOOK WELDMENT 2000 2100 SERIES EE 1020","Energized Engines","86.00","","",""
"","After Market Sumner Dolly Wheels 2100 Series, 2000 Series","Energized Engines","60.00","","",""
"778370","Sumner 778370 LABEL, MAST 2112","Sumner","5.00","","",""
"785984","Sumner 785984 MAST ROLLER COVER KIT, 2112","Sumner","100.00","","",""
"783628","Sumner 783628 LOAD LINE ASSY, 2012/2112","Sumner","60.00","","",""
"783225","Sumner 783225 2112 Contractor Lift (12/650 lbs.) -  Galvanized","Sumner","4480.00","","",""
"783650","Sumner 783650 2112 Contractor Lift (12/650 lbs.)","Sumner","3700.00","","",""
"1001","EE 1001 After Market Sumner 783628, 783629 & 783630 Load Line Cable - 2100 Series","Energized Engines","53.00","","",""
"778371","Sumner 778371 LABEL, MAST 2118","Sumner","23.00","","",""
"785985","Sumner 785985 MAST ROLLER COVER KIT, 2118","Sumner","150.00","","",""
"783629","Sumner 783629 LOAD LINE ASSY, 2018/2118","Sumner","63.00","","",""
"1027","EE 1027 Sumner Brake Paw/Dog Kits for E20, E25, 2118, 2124, 2010, 2015, 2020, 2025","Energized Engines","75.00","","",""
"1030","EE 1030 After Market Sumner 778371 Sumner 2118 Lift Decal","Energized Engines","4.00","","",""
"783226","Sumner SKU: 783226 / 2118 Contractor Lift (18â€™/650 lbs.) - Galvanized","Sumner","5520.00","","",""
"783651","Sumner 783651 2118 CONTRACTOR LIFT (18'/650 LBS.)","Sumner","4650.00","","",""
"1025","EE 1025 After Market Sumner 779005 Caster Plus Kit","Energized Engines","163.00","","",""
"1001","EE 1001 After Market Sumner 783628, 783629 & 783630 Load Line Cable - 2100 Series","Energized Engines","53.00","","",""
"778372","Sumner 778372 LABEL, MAST 2124","Sumner","21.00","","",""
"785986","Sumner 785986 MAST ROLLER COVER KIT, 2124","Sumner","200.00","","",""
"783630","Sumner 783630 LOAD LINE ASSY, 2024/2124","Sumner","68.00","","",""
"1027","EE 1027 Sumner Brake Paw/Dog Kits for E20, E25, 2118, 2124, 2010, 2015, 2020, 2025","Energized Engines","75.00","","",""
"1031","EE 1031 After Market Sumner 778372 Sumner 2124 Lift Decal","Energized Engines","4.00","","",""
"783227","Sumner SKU: 783227 / 2124 Contractor Lift (24/650 lbs.) - Galvanized","Sumner","6240.00","","",""
"783652","Sumner 783652 Contractor Lift - Model 2124","Sumner","5883.00","","",""
"1025","EE 1025 After Market Sumner 779005 Caster Plus Kit","Energized Engines","163.00","","",""
"1001","EE 1001 After Market Sumner 783628, 783629 & 783630 Load Line Cable - 2100 Series","Energized Engines","53.00","","",""
"784060","Sumner 784060 Eventer 20/25 Sound Array Bar","Sumner","660.00","","",""
"783715","Sumner 783715 MAST HOLD DOWN ASSEMBLY","Sumner","94.00","","",""
"783829","Sumner 783829 MAST BRACE - LH  EVENTER","Sumner","50.00","","",""
"783453","Sumner 783453 LOWER PULLEY ASSY KIT, 2000/EVENTER 20/2","Sumner","63.42","","",""
"'783824-BLK","Sumner 783824-BLK BTM MAST ASSY, HD","Sumner","1907.00","","",""
"783802","Sumner 783802 BASE ASSEMBLY EVENTER","Sumner","1602.00","","",""
"783810","Sumner 783810 CARRIAGE ASSY, EVENTER","Sumner","864.00","","",""
"'783826-BLK","Sumner 783826-BLK TOP MAST ASSY - HD","Sumner","1907.00","","",""
"783804","Sumner 783804 FRONT LEG ASSY EVENTER","Sumner","674.00","","",""
"783841","Sumner 783841 ADJUSTABLE FORK ASSY","Sumner","888.00","","",""
"783805","Sumner 783805 REAR LEG ASSY EVENTER","Sumner","679.00","","",""
"783864","Sumner 783864 LEG STORAGE ASSY","Sumner","562.00","","",""
"783828","Sumner 783828 MAST BRACE, RH EVENTER","Sumner","50.00","","",""
"778384","Sumner 778384 LABEL KIT, EVENTER","Sumner","77.00","","",""
"783885","Sumner 783885 BRAKE KIT FOR 2025, EVENTER25","Sumner","358.17","","",""
"778353","Sumner 778353 LABEL EVENTER 20 MAST","Sumner","4.27","","",""
"784490","Sumner 784490 NL Winch assembly, Fits Series 2000 and 2100, Eventer 20 and 25","Sumner","1979.00","","",""
"1034","EE 1034 After Market Sumner 778353 Eventer 20 Decal","Energized Engines","4.00","","",""
"1012","EE 1012 After Market Sumner 779037 / 779006 Base Caster Kit.","Energized Engines","218.40","","",""
"784060","Sumner 784060 Eventer 20/25 Sound Array Bar","Sumner","660.00","","",""
"783453","Sumner 783453 LOWER PULLEY ASSY KIT, 2000/EVENTER 20/2","Sumner","63.42","","",""
"778353","Sumner 778353 LABEL EVENTER 20 MAST","Sumner","4.27","","",""
"784490","Sumner 784490 NL Winch assembly, Fits Series 2000 and 2100, Eventer 20 and 25","Sumner","1979.00","","",""
"1034","EE 1034 After Market Sumner 778353 Eventer 20 Decal","Energized Engines","4.00","","",""
"785991","Sumner 785991 PULL HANDLE ASSEMBLY, GANTRY 2 TON","Sumner","387.00","","",""
"787538","Sumner 787538 1/4T Lever Hoist 15'","Sumner","230.00","","",""
"785074","Sumner 785074 GH2T 12' Beam Only","Sumner","1800.00","","",""
"785073","Sumner 785073 GH2T 15' Beam Only","Sumner","2164.00","","",""
"785160","Sumner 785160 GH2T Trolley Assembly","Sumner","800.00","","",""
"785075","Sumner 785075 GH2T 10' Beam Only","Sumner","1500.00","","",""
"786960","Sumner 786960 Sumner Gantry Skid System for 3/4-2 Ton Gantry","Sumner","2200.00","","",""
"785321","Sumner 785321 GH3/4T 12' Beam Only","Sumner","957.00","","",""
"785320","Sumner 785320 GH3/4T 15' Beam Only","Sumner","1124.00","","",""
"785323","Sumner 785323 GH3/4T 8' Beam Only","Sumner","710.00","","",""
"785322","Sumner 785322 GH3/4T 10' Beam Only","Sumner","851.00","","",""
"779040","Sumner 779040 GH3/4T - Caster Kit, 8" Casters w/ Brake","Sumner","1896.00","","",""
"785600","Sumner 785600 GH3/4T Trolley Assembly","Sumner","794.00","","",""
"779041","Sumner 779041 GH3/4T- Caster Assembly, Swivel W/ Brake 8 x 2","Sumner","194.00","","",""
"774168","Sumner 774168 KNOB, FOUR PRONG SWIVEL PAD, GANTRY","Sumner","127.00","","",""
"785816","Sumner 785816 GH5T 12' Beam Only","Sumner","1960.00","","",""
"785815","Sumner 785815 GH5T 15' Beam Only","Sumner","2133.00","","",""
"785817","Sumner 785817 GH5T 10' Beam Only","Sumner","1107.07","","",""
"785895","Sumner 785895 GH5T Trolley Assembly","Sumner","1107.00","","",""
"771143","Sumner 771143 SCREW, HHC 5/8-11 X 4-1/2 PLTD","Sumner","7.00","","",""
"771144","Sumner 771144 SCREW, HHC 5/8-11 X 5","Sumner","7.00","","",""
"771355","Sumner 771355 SCREW, SHOULDER 3/4 X 4","Sumner","56.00","","",""
"773052","Sumner 773052 WASHER, FLAT 5/8" SAE","Sumner","5.00","","",""
"772376","Sumner 772376 NUT, INSERT LOCK 5/8-11","Sumner","4.00","","",""
"775200","Sumner 775200 BEARING BALL, 3/4" 22612-77","Sumner","62.00","","",""
"779215","Sumner 779215 CLAMP, MANUAL TUBE","Sumner","28.00","","",""
"776019","Sumner 776019 SCREW, THD CUTTING 1/4-20 X 1","Sumner","3.00","","",""
"785040","Sumner 785040 TRAP PLATE ASSEMBLY","Sumner","1367.00","","",""
"779227","Sumner 779227 THREADED BALL KNOB","Sumner","30.32","","",""
"785041","Sumner 785041 TRAP PLATE MACH W/PLUNGER HOLES","Sumner","552.00","","",""
"785050","Sumner 785050 TRAP PLATE SPACER WELDMENT","Sumner","101.00","","",""
"785042","Sumner 785042 TRAP PLATE MACH W/O PLUNGER HOLES","Sumner","389.23","","",""
"785056","Sumner 785056 SPACER, BOLT 5/8 X 3.280","Sumner","35.00","","",""
"785055","Sumner 785055 SPACER, BOLT 3/8 X 3.030","Sumner","19.00","","",""
"785057","Sumner 785057 ROLLER, SPACER 1 X 2-7/8","Sumner","16.00","","",""
"785080","Sumner 785080 LEG ASSEMBLY, GANTRY PINNED","Sumner","827.00","","",""
"785058","Sumner 785058 SLIDE, UHMW 5.5 X 2 X .125","Sumner","13.00","","",""
"785085","Sumner 785085 PUSH BUTTON ASSEMBLY, GANTRY","Sumner","141.00","","",""
"785081","Sumner 785081 LEG WELDMENT, GANTRY PINNED","Sumner","535.00","","",""
"785086","Sumner 785086 PUSH BUTTON, GANTRY","Sumner","50.00","","",""
"785106","Sumner 785106 A-FRAME ASSEMBLY, GANTRY PINNED","Sumner","3406.00","","",""
"785087","Sumner 785087 PUSH BUTTON TUBE, GANTRY","Sumner","4.00","","",""
"785125","Sumner 785125 LEG ASSEMBLY, GANTRY","Sumner","996.60","","",""
"785120","Sumner 785120 BEAM HEIGHT ADJUST, WELDMENT","Sumner","1087.00","","",""
"785130","Sumner 785130 LIFT HANDLE ASSEMBLY, GANTRY","Sumner","311.00","","",""
"785126","Sumner 785126 LEG WELDMENT, GANTRY","Sumner","354.64","","",""
"785131","Sumner 785131 LIFT HANDLE WELDMENT","Sumner","131.00","","",""
"785140","Sumner 785140 STRUT WELDMENT, GANTRY","Sumner","37.83","","",""
"785136","Sumner 785136 GRIP, LIFT HANDLE","Sumner","56.00","","",""
"785143","Sumner 785143 STRUT, LONG","Sumner","24.49","","",""
"785161","Sumner 785161 TROLLEY WELDMENT","Sumner","243.00","","",""
"785144","Sumner 785144 SPACER, STRUT","Sumner","5.88","","",""
"785168","Sumner 785168 TROLLEY ROLLER","Sumner","47.85","","",""
"785167","Sumner 785167 TROLLEY ROLLER ASSEMBLY","Sumner","103.00","","",""
"785170","Sumner 785170 BEAM END CAP","Sumner","102.00","","",""
"785175","Sumner 785175 BEAM CARRYING STRAP","Sumner","155.00","","",""
"785996","Sumner 785996 HANDLE PIN, GANTRY 2 TON","Sumner","203.00","","",""
"785994","Sumner 785994 GRAB HANDLE, GANTRY","Sumner","78.00","","",""
"785998","Sumner 785998 HANDLE GRIP, GANTRY","Sumner","8.00","","",""
"771091","Sumner 771091 SCREW, HHC 1/2-13 X 3-3/4","Sumner","8.00","","",""
"'760014-2","Sumner 760014-2 MANUAL TUBE","Sumner","17.69","","",""
"771092","Sumner 771092 SCREW, HHC 1/2-13 X 3-1/2","Sumner","10.00","","",""
"771145","Sumner 771145 SCREW, HHC 1/2-13 X 4","Sumner","6.00","","",""
"771149","Sumner 771149 SCREW, HHC 5/8-11 X 8","Sumner","57.00","","",""
"771356","Sumner 771356 SCREW, SHOULDER 1/2 X 3","Sumner","33.00","","",""
"779050","Sumner 779050 WHEEL, 10" FLAT FREE","Sumner","107.00","","",""
"776222","Sumner 776222 SPRING, CENTURY #10833","Sumner","21.00","","",""
"779051","Sumner 779051 CASTER FRAME, 10" SWIVEL","Sumner","76.00","","",""
"785331","Sumner 785331 TOP BEAM WELDMENT, 12 FT","Sumner","744.87","","",""
"785330","Sumner 785330 TOP BEAM WELDMENT, 15 FT","Sumner","920.29","","",""
"785332","Sumner 785332 TOP BEAM WELDMENT, 10 FT","Sumner","627.85","","",""
"785335","Sumner 785335 TOP BEAM WELDMENT, 3 M","Sumner","633.57","","",""
"785333","Sumner 785333 TOP BEAM WELDMENT, 8 FT","Sumner","519.46","","",""
"785336","Sumner 785336 TOP BEAM WELDMENT, 4 M","Sumner","787.09","","",""
"785338","Sumner 785338 BEAM END CAP, 3/4 TON","Sumner","79.00","","",""
"785337","Sumner 785337 TOP BEAM WELDMENT, 5M","Sumner","983.65","","",""
"785339","Sumner 785339 BEAM CARRYING STRAP, 3/4 TON","Sumner","16.00","","",""
"785360","Sumner 785360 CASTER KIT, GANTRY DOUBLE FF TIRE","Sumner","941.17","","",""
"785361","Sumner 785361 CASTER ASSEMBLY, FF TIRE W/BRAKE","Sumner","562.00","","",""
"785363","Sumner 785363 BRAKE SIDE PLATE, RH","Sumner","56.00","","",""
"785362","Sumner 785362 BRAKE SIDE PLATE, LH","Sumner","56.00","","",""
"785364","Sumner 785364 BRAKE BAR","Sumner","43.00","","",""
"785366","Sumner 785366 SPACER, FF WHEEL ASSEMBLY","Sumner","17.00","","",""
"785365","Sumner 785365 FOOT BRAKE WELDMENT","Sumner","71.00","","",""
"785405","Sumner 785405 A-FRAME ASSY, 3/4 T LESS CASTERS","Sumner","3845.00","","",""
"785415","Sumner 785415 BEAM HT ADJUST WLDMT, 3/4 TON","Sumner","1547.00","","",""
"785412","Sumner 785412 LEG WELDMENT, GANTRY 3/4 TON","Sumner","478.00","","",""
"785420","Sumner 785420 TRAP PLATE ASSY, GANTRY 3/4 TON","Sumner","1870.00","","",""
"785423","Sumner 785423 TRAP PLATE MACH W/O PLUNGER HOLES 3/4 T","Sumner","545.09","","",""
"785421","Sumner 785421 TRAP PLATE MACH W/PLUNGER HOLES 3/4 T","Sumner","687.00","","",""
"785425","Sumner 785425 SPACER, BOLT 3/8 X 2.030","Sumner","14.00","","",""
"785426","Sumner 785426 SPACER, BOLT 1/2 X 2.280","Sumner","16.00","","",""
"785428","Sumner 785428 SLIDE, UHMW 5 X 2 X 1/8","Sumner","11.00","","",""
"785427","Sumner 785427 ROLLER, SPACER 1 1-7/8","Sumner","18.00","","",""
"785435","Sumner 785435 PUSH BUTTON ASSY, GANTRY 3/4 TON","Sumner","114.00","","",""
"785430","Sumner 785430 TRAP PLATE SPACER WLDMT, 3/4 TON","Sumner","75.00","","",""
"785436","Sumner 785436 PUSH BUTTON, GANTRY LONG 3/4 TON","Sumner","42.00","","",""
"785438","Sumner 785438 PUSH BUTTON, GANTRY SHORT 3/4 T","Sumner","25.00","","",""
"785437","Sumner 785437 PUSH BUTTON TUBE, 3/4 TON","Sumner","7.00","","",""
"785441","Sumner 785441 LIFT HANDLE WLDMT, GANTRY 3/4 T","Sumner","127.00","","",""
"785440","Sumner 785440 LIFT HANDLE ASSY, GANTRY 3/4 TON","Sumner","257.00","","",""
"785605","Sumner 785605 TROLLEY ROLLER ASSY, GANTRY 3/4 T","Sumner","200.00","","",""
"785601","Sumner 785601 TROLLEY WELDMENT, GANTRY 3/4 T","Sumner","230.00","","",""
"785990","Sumner 785990 PULL HANDLE ASSEMBLY, GANTRY 3/4 TON","Sumner","303.00","","",""
"785993","Sumner 785993 CABLE ASSEMBLY, GANTRY 3/4 TON & 2 TON","Sumner","54.00","","",""
"774206","Sumner 774206 CABLE, 1/8" GH-5T WINCH","Sumner","27.00","","",""
"776162","Sumner 776162 WORM, GH-5T","Sumner","127.73","","",""
"776157","Sumner 776157 WORM GEAR, GH-5T","Sumner","272.06","","",""
"776236","Sumner 776236 ARRESTOR SPRING HOOK, GH-5T","Sumner","26.95","","",""
"778517","Sumner 778517 LABEL, MODEL NO. GH-5T","Sumner","1.85","","",""
"778496","Sumner 778496 LABEL, GANTRY MODEL NO. GH-5T","Sumner","1.40","","",""
"778522","Sumner 778522 LABEL, SERIAL NO. GH-5T","Sumner","1.75","","",""
"785635","Sumner 785635 GH-5T - COME ALONG KIT","Sumner","2038.71","","",""
"779946","Sumner 779946 STORAGE BAG, CHAIN KIT 5T GANTRY","Sumner","95.00","","",""
"785810","Sumner 785810 A-FRAME/TROLLEY ASSY, GH-5T","Sumner","22076.00","","",""
"785647","Sumner 785647 TROLLEY - SLIP PAD - GH-5T","Sumner","45.00","","",""
"785811","Sumner 785811 A-FRAME ASSEMBLY, GH-5T","Sumner","10256.00","","",""
"785819","Sumner 785819 TOP BEAM ASSEMBLY, GH-5T-5M","Sumner","1148.08","","",""
"785818","Sumner 785818 TOP BEAM ASSEMBLY, GH-5T-8","Sumner","782.62","","",""
"785820","Sumner 785820 TOP BEAM ASSEMBLY, GH-5T-4M","Sumner","916.64","","",""
"785822","Sumner 785822 BEAM END CAP, GH-5T","Sumner","111.00","","",""
"785821","Sumner 785821 TOP BEAM ASSEMBLY, GH-5T-3M","Sumner","1148.08","","",""
"785830","Sumner 785830 TOP BEAM MACHINED, GH-5T-15","Sumner","886.65","","",""
"785832","Sumner 785832 TOP BEAM MACHINED, GH-5T-10","Sumner","710.02","","",""
"785831","Sumner 785831 TOP BEAM MACHINED, GH-5T-12","Sumner","734.31","","",""
"785833","Sumner 785833 TOP BEAM MACHINED, GH-5T-8","Sumner","571.94","","",""
"785835","Sumner 785835 TOP BEAM MACHINED, GH-5T-4M","Sumner","705.93","","",""
"785834","Sumner 785834 TOP BEAM MACHINED, GH-5T-5M","Sumner","937.40","","",""
"785836","Sumner 785836 TOP BEAM MACHINED, GH-5T-3M","Sumner","937.40","","",""
"785848","Sumner 785848 LIFTING CHAIN W BRACKET ASSEMBLY","Sumner","928.00","","",""
"785846","Sumner 785846 LIFTING CHAIN 75 LINKS","Sumner","75.88","","",""
"785851","Sumner 785851 VERTICAL TUBE, GH-5T","Sumner","410.17","","",""
"785850","Sumner 785850 BEAM HT ADJUST, WLDMT GH-5T","Sumner","2100.00","","",""
"785852","Sumner 785852 BEAM BOTTOM SUPPORT PLATE GH-5T","Sumner","32.61","","",""
"785854","Sumner 785854 VERTICAL TUBE SUPPORT GH-5T","Sumner","336.20","","",""
"785853","Sumner 785853 BEAM S SUPPORT PLATE, GH-5T","Sumner","68.86","","",""
"785860","Sumner 785860 LEG ASSEMBLY, GH-5T","Sumner","1108.00","","",""
"785863","Sumner 785863 LEG, PINNED GH-5T","Sumner","232.38","","",""
"785862","Sumner 785862 LEG WELDMENT, GH-5T","Sumner","618.00","","",""
"785866","Sumner 785866 TRANSPORT LEG - GH-5T","Sumner","49.88","","",""
"785864","Sumner 785864 FOOT PAD, GH-5T","Sumner","49.85","","",""
"785870","Sumner 785870 TRAP PLATE ASSEMBLY, GH-5T","Sumner","1860.00","","",""
"785872","Sumner 785872 TRAP PLATE W/PLUNGER HOLES GH-5T","Sumner","295.65","","",""
"785871","Sumner 785871 TRAP PLATE MACH W/PLUNGER HOLES GH-5T","Sumner","738.00","","",""
"785874","Sumner 785874 TRAP PLATE W/O PLUNGER HOLES GH-5T","Sumner","295.65","","",""
"785873","Sumner 785873 TRAP PLATE MACH W/O PLUNGER HOLES GH-5T","Sumner","518.22","","",""
"785875","Sumner 785875 TRAP PLATE SPACER WELDMENT, GH-5T","Sumner","76.00","","",""
"785877","Sumner 785877 TRAP PLATE FINGER STOP, GH-5T","Sumner","5.77","","",""
"785876","Sumner 785876 TRAP PLATE SPACER, FORMED GH-5T","Sumner","24.54","","",""
"785886","Sumner 785886 PULL HANDLE W/CABLE, GH-5T","Sumner","149.26","","",""
"785885","Sumner 785885 PULL HANDLE ASSEMBLY, GH-5T","Sumner","211.62","","",""
"785888","Sumner 785888 PULL HANDLE, GH-5T","Sumner","30.76","","",""
"785887","Sumner 785887 PULL HANDLE WELDMENT, GH-5T","Sumner","81.10","","",""
"785896","Sumner 785896 TROLLEY WELDMENT, GH-5T","Sumner","393.00","","",""
"785891","Sumner 785891 PUSH BUTTON TUBE, GH-5T","Sumner","35.00","","",""
"785898","Sumner 785898 TROLLEY SPINDLE (LOWER), GH-5T","Sumner","20.34","","",""
"785897","Sumner 785897 TROLLEY SIDE PLATE, GH-5T","Sumner","81.66","","",""
"785901","Sumner 785901 ARRESTOR SPRING WELDMENT, GH-5T","Sumner","78.23","","",""
"785899","Sumner 785899 TROLLEY SPINDLE (UPPER), GH-5T","Sumner","10.21","","",""
"785905","Sumner 785905 WINCH ASSEMBLY, GH-5T","Sumner","1136.00","","",""
"785904","Sumner 785904 ARRESTOR SPRING HOUSING, GH-5T","Sumner","25.41","","",""
"785907","Sumner 785907 WINCH - WORM GEAR, GH-5T","Sumner","397.00","","",""
"785906","Sumner 785906 WINCH ASSEMBLY HOUSING, GH-5T","Sumner","77.00","","",""
"785909","Sumner 785909 WINCH - SPINDLE, GH-5T","Sumner","168.00","","",""
"785908","Sumner 785908 WINCH - WORM GEAR MANDREL, GH-5T","Sumner","60.00","","",""
"785911","Sumner 785911 WINCH - WORM MANDREL, GH-5T","Sumner","164.00","","",""
"785913","Sumner 785913 ARRESTOR SPRING HOOK, GH-5T","Sumner","28.45","","",""
"785912","Sumner 785912 WINCH - WORM, GH-5T","Sumner","189.00","","",""
"785992","Sumner 785992 PULL HANDLE ASSEMBLY, GANTRY 5 TON","Sumner","200.00","","",""
"785987","Sumner 785987 TROLLEY SIDE PLATE, GH-5T","Sumner","7.24","","",""
"785076","Sumner 785076 GH2T 8' Beam Only","Sumner","1300.00","","",""
"771245","Sumner 771245 SHCS 3/8-16X4-1/2","Sumner","15.00","","",""
"776221","Sumner 776221 SPRING, CENTURY #2952","Sumner","5.00","","",""
"772503","Sumner 772503 NUT, INSERT JAM 5/8-11","Sumner","3.00","","",""
"780046","Sumner 780046 SHEAVE, 4IN, RAB-411","Sumner","129.00","","",""
"780301","Sumner 780301 Sumner R-150 Roust-A-Bout™, 15" Top Ht","Sumner","7520.00","","",""
"780302","Sumner 780302 Sumner R-180 Roust-A-Bout™, 18" Top Ht","Sumner","7920.00","","",""
"780303","Sumner 780303 Sumner R-250 Roust-A-Bout™, 25" Top Ht","Sumner","8720.00","","",""
"1089","After Market Roust A Bout Cable Guide Kit "Guy Wires" 781340","Energized Engines","318.00","","",""
"780224","Sumner 780224 WINCH HANDLE WELDMENT - NO LONGER AVAILABLE - SEE NOTES BELOW","Sumner","160.00","","",""
"781060","Sumner 781060 R/Z-100/Z-150 Tee Head Ext.","Sumner","775.00","","",""
"781062","Sumner 781062 R/Z-250 Tee Head Ext.","Sumner","1050.00","","",""
"781061","Sumner 781061 R/Z-180/Z-200 Tee Head Ext.","Sumner","925.00","","",""
"781546","Sumner 781546 R/Z-180/Z-200 Tee Head Ext. - Galvanized","Sumner","965.00","","",""
"781545","Sumner 781545 R/Z-100/Z-150 Tee Head Ext. - Galvanized","Sumner","815.00","","",""
"780300","Sumner 780300 R-100 Roust-A-Bout, 15™ Top Ht","Sumner","6937.50","","",""
"781547","Sumner 781547 R/Z-250 Tee Head Ext. - Galvanized","Sumner","1080.00","","",""
"780194","Sumner 780194 R-150G Roust-A-Bout, 15™ Top Ht - Galvanized","Sumner","8440.00","","",""
"774055","Sumner 774055 TURNBUCKLE EYE & EYE W/JAM NUT","Sumner","82.29","","",""
"773560","Sumner 773560 WASHER, LOCK 5/16"","Sumner","1.00","","",""
"775220","Sumner 775220 BEARING, BALL 1" 23216-77","Sumner","67.00","","",""
"775210","Sumner 775210 BEARING, BALL 7/8" 23214-77","Sumner","62.00","","",""
"778387","Sumner 778387 LABEL KIT, RAB R-SERIES","Sumner","56.26","","",""
"778386","Sumner 778386 LABEL KIT, RAB Z-SERIES","Sumner","56.26","","",""
"779403","Sumner 779403 LATCH KIT FOR SHANK HOOK","Sumner","31.17","","",""
"778926","Sumner 778926 LABEL, CAUT. LD & HT LMT Z250","Sumner","8.34","","",""
"779410","Sumner 779410 SCREW PIN ANCHOR SHACKLE, 3/8"","Sumner","19.14","","",""
"779989","Sumner 779989 BASE WELDMENT, Z & R-250, GALV.","Sumner","2368.71","","",""
"779988","Sumner 779988 BASE WELDMENT, Z & R-100/150, GALV.","Sumner","2489.60","","",""
"780026","Sumner 780026 SEPARATOR RAB 218 2.0" LG.","Sumner","21.18","","",""
"779990","Sumner 779990 BASE WELDMENT, Z & R-180, GALV.","Sumner","2460.53","","",""
"780034","Sumner 780034 ROLLER SHAFT, CM RAB-315","Sumner","40.94","","",""
"780033","Sumner 780033 ROLLER, CM, RAB-316","Sumner","37.28","","",""
"780039","Sumner 780039 MAST ELEV LINE, Z-180/250","Sumner","189.29","","",""
"780037","Sumner 780037 MAST ELEV LINE, Z-100/150","Sumner","128.25","","",""
"780043","Sumner 780043 EQUALIZING LINE Z-100/150","Sumner","124.38","","",""
"780045","Sumner 780045 EQUALIZING LINE Z-250","Sumner","158.63","","",""
"780044","Sumner 780044 EQUALIZING LINE Z-200","Sumner","164.45","","",""
"780049","Sumner 780049 TM ASSY, Z-200","Sumner","962.04","","",""
"780171","Sumner 780171 TOOL BOX Z-250 RAB-116","Sumner","165.05","","",""
"780157","Sumner 780157 TEE HD WLDMT Z & R-180 GALV","Sumner","840.24","","",""
"780188","Sumner 780188 CHAIN SET GUY-LINE Z-250","Sumner","57.45","","",""
"780223","Sumner 780223 TOP MAST WELDMENT, R-180","Sumner","991.00","","",""
"780322","Sumner 780322 SEPARATOR LONG R-180 ONLY","Sumner","15.09","","",""
"780244","Sumner 780244 WINCH HANDLE, ASSY. WJ-47","Sumner","160.00","","",""
"780447","Sumner 780447 BOTTOM MAST WLDNT, R-100/150","Sumner","1434.00","","",""
"780340","Sumner 780340 GUY WIRE ASSY RAB-519 (Z250)","Sumner","165.97","","",""
"781366","Sumner 781366 TEE HEAD EXT WLDMT 180 GALV","Sumner","1015.00","","",""
"781340","Sumner 781340 GUY LINES (SET OF 2) Z-49","Sumner","343.97","","",""
"772502","Sumner 772502 NUT, INSERT JAM 5/16-18","Sumner","1.00","","",""
"779905","Sumner 779905 CAP, 2" OD TUBE, BLACK","Sumner","3.00","","",""
"773040","Sumner 773040 WASHER, FLAT 3/8","Sumner","1.00","","",""
"773550","Sumner 773550 WASHER, LOCK 1/4"","Sumner","1.00","","",""
"772358","Sumner 772358 NUT, HEX JAM LOCK 1/2-13","Sumner","4.00","","",""
"780182","Sumner 780182 WINCH HANDLE SLEEVE","Sumner","14.00","","",""
"780211","Sumner 780211 PLATE, INNER BRAKE DISC WJ-14","Sumner","78.00","","",""
"780212","Sumner 780212 PLATE, OUTER BRAKE DISC WJ-15","Sumner","78.00","","",""
"780214","Sumner 780214 BRAKE RATCHET WJ-17","Sumner","72.00","","",""
"780216","Sumner 780216 HOIST RATCHET DOG WJ-19","Sumner","59.00","","",""
"772375","Sumner 772375 NUT, INSERT LOCK 5/8-18","Sumner","3.00","","",""
"773590","Sumner 773590 WASHER, LOCK 1/2"","Sumner","3.00","","",""
"778906","Sumner 778906 LABEL, OP MANUAL - LIFT, READ B4","Sumner","17.00","","",""
"780205","Sumner 780205 SHAFT, HOIST DRUM PINION WJ-7","Sumner","322.00","","",""
"784500","Sumner 784500 Shaft Hoist Drum Pinion SQ End","Sumner","305.00","","",""
"771020","Sumner 771020 HHCS 1/4-20 X 1/9"","Sumner","1.00","","",""
"778850","Sumner 778850 LABEL-DO NT STND UDR LOAD","Sumner","6.00","","",""
"785398","Sumner 785398 WINCH HANDLE ASSEMBLY, 2-SPEED CB LIFT","Sumner","217.00","","",""
"785393","Sumner 785393 LOW SPEED DRIVE SHAFT, 2-SPEED WINCH","Sumner","264.00","","",""
"781367","Sumner 781367 TEE HEAD EXT WLDMT 250 GALV","Sumner","1297.00","","",""
"781067","Sumner 781067 TEE HEAD EXT WLDMT 250","Sumner","1201.00","","",""
"781066","Sumner 781066 TEE HEAD EXT WLDMT 180","Sumner","1100.00","","",""
"781365","Sumner 781365 TEE HEAD EXT WLDMT 100/150 GALV","Sumner","855.00","","",""
"781065","Sumner 781065 TEE HEAD EXT WLDMT 100/150","Sumner","826.00","","",""
"780612","Sumner 780612 RATCHET STUD CS-49","Sumner","32.00","","",""
"780603","Sumner 780603 GEAR COVER, LARGE CS-22","Sumner","67.00","","",""
"780602","Sumner 780602 GEAR COVER, SMALL CS-21","Sumner","38.00","","",""
"781063","Sumner 781063 SHEAR PIN WLDMNT - TEE HEAD EXT","Sumner","119.00","","",""
"780328","Sumner 780328 BOTTOM MAST WLD, R-100/150 GALV","Sumner","1688.00","","",""
"780601","Sumner 780601 WINCH HOUSING ASSY CS-1","Sumner","957.00","","",""
"780335","Sumner 780335 HANDLE LOCK PIN, R-SERIES RAB","Sumner","15.00","","",""
"780452","Sumner 780452 SHAFT WELDMENT, R-SERIES RAB","Sumner","37.00","","",""
"780295","Sumner 780295 SHAFT STAY WELDMENT, R-SERIES","Sumner","59.00","","",""
"780293","Sumner 780293 SEPERATOR, BM R-SERIES RAB","Sumner","11.00","","",""
"780297","Sumner 780297 SHEAVE ASSM, 2" R-SERIES RAB","Sumner","53.00","","",""
"780299","Sumner 780299 EQUALIZING PULLEY ASSM, R-100","Sumner","53.00","","",""
"780251","Sumner 780251 RATCHET DOG SPACER WJ-55","Sumner","25.00","","",""
"780225","Sumner 780225 LOAD DRUM PINION SPACER WJ-28","Sumner","10.00","","",""
"780292","Sumner 780292 SEPERATOR, BM R-SERIES RAB","Sumner","9.00","","",""
"780285","Sumner 780285 BOTTOM MAST WLD, R-180/250 GALV.","Sumner","1729.00","","",""
"780290","Sumner 780290 BOTTOM MAST WLD, R-180/250","Sumner","1418.00","","",""
"780248","Sumner 780248 SUREEL LEVER ASSY WJ-52","Sumner","116.00","","",""
"780221","Sumner 780221 SPREADER BAR WJ-24","Sumner","28.00","","",""
"780220","Sumner 780220 HOIST DRUM SHAFT CS-23","Sumner","100.00","","",""
"780217","Sumner 780217 LOAD RATCHET DOG WJ-20","Sumner","60.00","","",""
"780215","Sumner 780215 BRONZE BRAKE DISC WJ-18","Sumner","16.00","","",""
"780213","Sumner 780213 LOAD ID BRAKE DISC WJ-16","Sumner","76.00","","",""
"780210","Sumner 780210 HOIST DRIVE SHAFT WJ-13","Sumner","180.00","","",""
"780209","Sumner 780209 HI-SPD DRIVE SHAFT ASSY WJ-12","Sumner","311.00","","",""
"780207","Sumner 780207 Idler Gear Assembly","Sumner","126.00","","",""
"780206","Sumner 780206 LOW SPEED PINION WJ-9","Sumner","388.00","","",""
"780204","Sumner 780204 LOAD DRUM PINION WJ-5","Sumner","97.00","","",""
"780203","Sumner 780203 HOIST DRUM WLDMNT/ ASSY","Sumner","559.00","","",""
"780202","Sumner 780202 LOAD DRUM FINAL WLDMNT/ ASSY","Sumner","662.00","","",""
"780192","Sumner 780192 SHEAR PIN WELDMENT","Sumner","113.00","","",""
"780198","Sumner 780198 Shaft Weldment Beam Side Z-29","Sumner","47.00","","",""
"780174","Sumner 780174 ANGLE ROPE GUARD RAB-518","Sumner","15.00","","",""
"780143","Sumner 780143 TEE HD WELDMENT Z-250 GALV","Sumner","1297.00","","",""
"780142","Sumner 780142 TEE HD WELDMENT Z-250","Sumner","1134.00","","",""
"780156","Sumner 780156 TEE HD WLDMT Z & R-180","Sumner","1082.00","","",""
"780090","Sumner 780090 Bottom Mast Rear Shaft Stay for Sumner Roust-A-Bouts","Sumner","16.00","","",""
"780052","Sumner 780052 COUNTERWEIGHT, RAB-511","Sumner","353.00","","",""
"780047","Sumner 780047 SHAFT STAY RAB-416","Sumner","50.00","","",""
"780135","Sumner 780135 TEE HD WLDMT  Z & R-100/150 GALV","Sumner","911.00","","",""
"780133","Sumner 780133 TEE HD WLDMT  Z & R-100/150","Sumner","798.00","","",""
"780022","Sumner 780022 ROLLER SHAFT, BM RAB-224","Sumner","78.00","","",""
"778933","Sumner 778933 LABEL, ROUST-A-BOUT 2-1/4 X 14"","Sumner","17.00","","",""
"779401","Sumner 779401 LATCH KIT FOR 404-HOOK","Sumner","27.00","","",""
"780027","Sumner 780027 WEAR PLATE, BM RAB-206 Z-27","Sumner","43.00","","",""
"780021","Sumner 780021 ROLLER, BM RAB-223","Sumner","35.20","","",""
"780023","Sumner 780023 SEPARATOR RAB 318 .90" LG.","Sumner","30.00","","",""
"778904","Sumner 778904 LABEL SUMNER (RAB)","Sumner","12.00","","",""
"778399","Sumner 778399 LABEL, SERIAL NO/CE","Sumner","10.00","","",""
"778398","Sumner 778398 LABEL, WARNING INSTRUCTIONS","Sumner","20.00","","",""
"778397","Sumner 778397 LABEL, MODEL NUMBER R-250","Sumner","22.00","","",""
"778396","Sumner 778396 LABEL, MODEL NUMBER R-180","Sumner","27.00","","",""
"778395","Sumner 778395 LABEL, MODEL NUMBER R-100/R-150","Sumner","27.00","","",""
"778394","Sumner 778394 LABEL, SHEAR PIN","Sumner","16.00","","",""
"778393","Sumner 778393 LABEL, BASE LOCK","Sumner","12.00","","",""
"778392","Sumner 778392 LABEL, CAUTION MAST STOP","Sumner","33.00","","",""
"778391","Sumner 778391 LABEL, CAUTION DO NOT WELD","Sumner","18.00","","",""
"775060","Sumner 775060 BUSH, BZ 3/4" X 7/8" X 5/8"","Sumner","9.00","","",""
"773021","Sumner 773021 WASHER FL HARD 1/4","Sumner","6.00","","",""
"772050","Sumner 772050 NUT, HEX 1/4-20","Sumner","1.00","","",""
"771460","Sumner 771460 SCREW, SHSS 3/8-16 X 3/8" CUP PT","Sumner","5.00","","",""
"771286","Sumner 771286 SCREW, FHM 1/4-20 X 1-3/4"","Sumner","3.00","","",""
"771284","Sumner 771284 SCREW, FHM 1/4-20 x 3/4"","Sumner","3.00","","",""
"771051","Sumner 771051 SCREW, HHC 5/16-18 X 6" GRD-2","Sumner","2.00","","",""
"771035","Sumner 771035 SCREW, HHC 1/4-20 X 2"","Sumner","3.00","","",""
"771043","Sumner 771043 SCREW, BHC 1/4-20 x 5/8","Sumner","1.00","","",""
"771125","Sumner 771125 SCREW, HHC 1/2-13 X 1"","Sumner","4.00","","",""
"780465","Sumner 780465 TEE HEAD ASSEMBLY Z&R-100/150","Sumner","1092.00","","",""
"780466","Sumner 780466 TOP MAST ASSY Z & R-180","Sumner","1978.00","","",""
"780449","Sumner 780449 CENTER MAST WELDMENT R-100/150","Sumner","1559.00","","",""
"780463","Sumner 780463 TEE HEAD ASSEMBLY, R-250","Sumner","1356.00","","",""
"780464","Sumner 780464 TEE HEAD ASSEMBLY, Z & R-180","Sumner","1271.00","","",""
"780450","Sumner 780450 CENTER MAST ASSM, R-100/150","Sumner","1894.00","","",""
"780343","Sumner 780343 SEPARATOR, CM R-100/150","Sumner","10.00","","",""
"780334","Sumner 780334 ROLLER SHAFT, CM R-100/150","Sumner","24.00","","",""
"780349","Sumner 780349 ROLLER, CENTER MAST, R-100/150","Sumner","53.00","","",""
"780329","Sumner 780329 CENTER MAST WLD R-100/150 GALV","Sumner","1598.00","","",""
"780327","Sumner 780327 CENTER MAST WLDMNT R-250 GALV","Sumner","1581.00","","",""
"780341","Sumner 780341 CENTER MAST WELDMENT, R-250","Sumner","1431.00","","",""
"780342","Sumner 780342 CENTER MAST ASSM, R-250","Sumner","1744.00","","",""
"780448","Sumner 780448 BOTTOM MAST ASSM, R-100/150","Sumner","1662.00","","",""
"780125","Sumner 780125 MAST ELEVATION LINE CABLE, R-250","Sumner","165.00","","",""
"780122","Sumner 780122 MAST ELEVATION LINE CABLE, R-180","Sumner","141.00","","",""
"780123","Sumner 780123 EQUALIZING LINE CABLE, R-250","Sumner","131.00","","",""
"780121","Sumner 780121 EQUALIZING LINE CABLE, R-100/150","Sumner","115.00","","",""
"780175","Sumner 780175 R-SERIES/Z-SERIES CS 2000 Winch Assembly","Sumner","3086.00","","",""
"780291","Sumner 780291 BOTTOM MAST ASSM, R-180/250","Sumner","1803.00","","",""
"780036","Sumner 780036 SHAFT, EQUALIZING RAB","Sumner","49.00","","",""
"780051","Sumner 780051 LOAD LINE 55FT. (RAB)","Sumner","226.00","","",""
"780050","Sumner 780050 TOP MAST ASSY Z & R-250","Sumner","1346.00","","",""
"780048","Sumner 780048 TOP MAST ASSY Z & R-100/150","Sumner","1266.00","","",""
"780035","Sumner 780035 WEAR PLATE, CM RAB-304","Sumner","44.00","","",""
"779987","Sumner 779987 TOP MAST WELDMENT Z&R 250 GALV","Sumner","817.00","","",""
"780007","Sumner 780007 TOP MAST WELDMENT -Z & R-250","Sumner","749.00","","",""
"780005","Sumner 780005 TOP MAST WELDMENT- Z&R 100/150","Sumner","700.00","","",""
"780019","Sumner 780019 BASE WELDMENT, Z & R-250","Sumner","5801.00","","",""
"780018","Sumner 780018 BASE WELDMENT, Z & R-180/200","Sumner","4836.00","","",""
"780017","Sumner 780017 BASE WELDMENT, Z & R-150","Sumner","4692.00","","",""
"779986","Sumner 779986 TOP MAST WLDMT Z&R-100/150 GALV","Sumner","731.00","","",""
"779001","Sumner 779001 CASTER SC-23-8 X 2 RT","Sumner","275.00","","",""
"780016","Sumner 780016 BASE WELDMENT, Z & R-100","Sumner","4692.00","","",""
"780197","Sumner 780197 R-180G ROUST-A-BOUT GALVANIZED","Sumner","8880.00","","",""
"780195","Sumner 780195 R-100G, ROUST-A-BOUT GALVANIZED","Sumner","8360.00","","",""
"780196","Sumner 780196 R-250G, ROUST-A-BOUT GALVANIZED","Sumner","9680.00","","",""
"1027","EE 1027 Sumner Brake Paw/Dog Kits for E20, E25, 2118, 2124, 2010, 2015, 2020, 2025","Energized Engines","75.00","","",""
"1068","EE 1068 Aftermarket Compatible 779001 SUMNER ROUST A BOUT Base Caster Kit","Energized Engines","348.00","","",""
"1006-RAB150","EE 1006 After Market Sumner Roust-A-Bout Cable Kit","Energized Engines","214.80","","",""
"775240","Sumner 775240 WJ-50 SPRING, SUREEL","Sumner","31.00","","",""
"775230","Sumner 775230 SPRING, WJ-29 RAT.DOG","Sumner","19.00","","",""
"780124","Sumner 780124 MAST ELEVATION LINE CABLE, R-100/150","Sumner","128.00","","",""
"782527","Sumner 782527 PLUNGER, RAB BASE","Sumner","12.23","","",""
"780249","Sumner 780249 SUREEL ROLLERS WJ-53","Sumner","22.00","","",""
"1005","EE 1005 After Market Sumner 771460 Bolt for RAB Base Caster","Energized Engines","2.10","","",""
"1004","EE 1004 Aftermarket Sumner 780051 Load Line Cable, RAB 150, 180 or 250","Energized Engines","120.00","","",""
"1000","EE 1000 Bolt for RAB Counterweight","Energized Engines","7.95","","",""
"1013","EE 1013 Roust A Bout R-250 Safety Decal Kit","Energized Engines","85.00","","",""
"","EE 2018 ROUST A BOUT R-100/150 SAFETY DECAL KIT","Energized Engines","85.00","","",""
"","EE 2017 Roust A Bout R-180 SAFETY DECAL KIT","Energized Engines","85.00","","",""
"780301","Sumner 780301 Sumner R-150 Roust-A-Bout™, 15" Top Ht","Sumner","7520.00","","",""
"778395","Sumner 778395 LABEL, MODEL NUMBER R-100/R-150","Sumner","27.00","","",""
"780017","Sumner 780017 BASE WELDMENT, Z & R-150","Sumner","4692.00","","",""
"1000","EE 1000 Bolt for RAB Counterweight","Energized Engines","7.95","","",""
"780302","Sumner 780302 Sumner R-180 Roust-A-Bout™, 18" Top Ht","Sumner","7920.00","","",""
"779990","Sumner 779990 BASE WELDMENT, Z & R-180, GALV.","Sumner","2460.53","","",""
"780157","Sumner 780157 TEE HD WLDMT Z & R-180 GALV","Sumner","840.24","","",""
"780223","Sumner 780223 TOP MAST WELDMENT, R-180","Sumner","991.00","","",""
"780322","Sumner 780322 SEPARATOR LONG R-180 ONLY","Sumner","15.09","","",""
"780285","Sumner 780285 BOTTOM MAST WLD, R-180/250 GALV.","Sumner","1729.00","","",""
"780290","Sumner 780290 BOTTOM MAST WLD, R-180/250","Sumner","1418.00","","",""
"780156","Sumner 780156 TEE HD WLDMT Z & R-180","Sumner","1082.00","","",""
"778396","Sumner 778396 LABEL, MODEL NUMBER R-180","Sumner","27.00","","",""
"780466","Sumner 780466 TOP MAST ASSY Z & R-180","Sumner","1978.00","","",""
"780464","Sumner 780464 TEE HEAD ASSEMBLY, Z & R-180","Sumner","1271.00","","",""
"780122","Sumner 780122 MAST ELEVATION LINE CABLE, R-180","Sumner","141.00","","",""
"780291","Sumner 780291 BOTTOM MAST ASSM, R-180/250","Sumner","1803.00","","",""
"780018","Sumner 780018 BASE WELDMENT, Z & R-180/200","Sumner","4836.00","","",""
"1006-RAB150","EE 1006 After Market Sumner Roust-A-Bout Cable Kit","Energized Engines","214.80","","",""
"1000","EE 1000 Bolt for RAB Counterweight","Energized Engines","7.95","","",""
"","EE 2017 Roust A Bout R-180 SAFETY DECAL KIT","Energized Engines","85.00","","",""
"780303","Sumner 780303 Sumner R-250 Roust-A-Bout™, 25" Top Ht","Sumner","8720.00","","",""
"779989","Sumner 779989 BASE WELDMENT, Z & R-250, GALV.","Sumner","2368.71","","",""
"778397","Sumner 778397 LABEL, MODEL NUMBER R-250","Sumner","22.00","","",""
"780463","Sumner 780463 TEE HEAD ASSEMBLY, R-250","Sumner","1356.00","","",""
"780327","Sumner 780327 CENTER MAST WLDMNT R-250 GALV","Sumner","1581.00","","",""
"780341","Sumner 780341 CENTER MAST WELDMENT, R-250","Sumner","1431.00","","",""
"780342","Sumner 780342 CENTER MAST ASSM, R-250","Sumner","1744.00","","",""
"780125","Sumner 780125 MAST ELEVATION LINE CABLE, R-250","Sumner","165.00","","",""
"780123","Sumner 780123 EQUALIZING LINE CABLE, R-250","Sumner","131.00","","",""
"780050","Sumner 780050 TOP MAST ASSY Z & R-250","Sumner","1346.00","","",""
"779987","Sumner 779987 TOP MAST WELDMENT Z&R 250 GALV","Sumner","817.00","","",""
"780007","Sumner 780007 TOP MAST WELDMENT -Z & R-250","Sumner","749.00","","",""
"780019","Sumner 780019 BASE WELDMENT, Z & R-250","Sumner","5801.00","","",""
"1006-RAB150","EE 1006 After Market Sumner Roust-A-Bout Cable Kit","Energized Engines","214.80","","",""
"1000","EE 1000 Bolt for RAB Counterweight","Energized Engines","7.95","","",""
"1013","EE 1013 Roust A Bout R-250 Safety Decal Kit","Energized Engines","85.00","","",""
"1087","EE 1087 Base Caster Hardware for Genie SLC-18 and SLC-24 Lifts","Energized Engines","11.00","","",""
"1087","EE 1087 Base Caster Hardware for Genie SLC-18 and SLC-24 Lifts","Energized Engines","11.00","","",""
"'S783800","Sumner S783800 Eventer 25","Sumner","8588.00","","",""
"778354","Sumner 778354 LABEL, EVENTER 25 - MAST","Sumner","4.02","","",""
"1035","EE 1035 After Market Sumner 778354 Eventer 25 Decals","Energized Engines","4.00","","",""
"'S783800","Sumner S783800 Eventer 25","Sumner","8588.00","","",""
"783885","Sumner 783885 BRAKE KIT FOR 2025, EVENTER25","Sumner","358.17","","",""
"778354","Sumner 778354 LABEL, EVENTER 25 - MAST","Sumner","4.02","","",""
"1035","EE 1035 After Market Sumner 778354 Eventer 25 Decals","Energized Engines","4.00","","",""
"778480","Sumner 778480 LABEL, SUMNER EVENTER 16 BOOM","Sumner","1.65","","",""
"778446","Sumner 778446 LABEL, MODEL EVENTER 16","Sumner","3.65","","",""
"784825","Sumner 784825 LEG STORAGE ASSY. EVENTER 16","Sumner","374.54","","",""
"784875","Sumner 784875 HANDLE ASSY. EVENTER 16","Sumner","63.98","","",""
"784896","Sumner 784896 LEVELING SCREW, EVENTER 16","Sumner","80.95","","",""
"'784765-BLK","Sumner 784765-BLK CARRIAGE ASSY. EVENTER 16 BLACK","Sumner","493.00","","",""
"'784770-BLK","Sumner 784770-BLK FORK ASSEMBLY EVENTER 16","Sumner","419.00","","",""
"'784766-BLK","Sumner 784766-BLK CARRIAGE MACHINED EVENTER 16","Sumner","224.96","","",""
"'784780-BLK","Sumner 784780-BLK SPREADER PLATE ASSY EVENTER 16","Sumner","56.17","","",""
"784841","Sumner 784841 WINCH TWO HANDLE REPLACE KIT (fits 2400 Series and Eventer 16)","Sumner","248.00","","",""
"784795","Sumner 784795 LOAD LINE EVENTER 16","Sumner","94.00","","",""
"784055","Sumner 784055 Eventer 16 Sound Array Bar","Sumner","640.00","","",""
"784760","Sumner 784760 EVENTER 16 LIFT ASSY. W/FORK","Sumner","5120.00","","",""
"778480","Sumner 778480 LABEL, SUMNER EVENTER 16 BOOM","Sumner","1.65","","",""
"778446","Sumner 778446 LABEL, MODEL EVENTER 16","Sumner","3.65","","",""
"784825","Sumner 784825 LEG STORAGE ASSY. EVENTER 16","Sumner","374.54","","",""
"784875","Sumner 784875 HANDLE ASSY. EVENTER 16","Sumner","63.98","","",""
"784896","Sumner 784896 LEVELING SCREW, EVENTER 16","Sumner","80.95","","",""
"'784765-BLK","Sumner 784765-BLK CARRIAGE ASSY. EVENTER 16 BLACK","Sumner","493.00","","",""
"'784770-BLK","Sumner 784770-BLK FORK ASSEMBLY EVENTER 16","Sumner","419.00","","",""
"'784766-BLK","Sumner 784766-BLK CARRIAGE MACHINED EVENTER 16","Sumner","224.96","","",""
"'784780-BLK","Sumner 784780-BLK SPREADER PLATE ASSY EVENTER 16","Sumner","56.17","","",""
"784841","Sumner 784841 WINCH TWO HANDLE REPLACE KIT (fits 2400 Series and Eventer 16)","Sumner","248.00","","",""
"784795","Sumner 784795 LOAD LINE EVENTER 16","Sumner","94.00","","",""
"784055","Sumner 784055 Eventer 16 Sound Array Bar","Sumner","640.00","","",""
"784760","Sumner 784760 EVENTER 16 LIFT ASSY. W/FORK","Sumner","5120.00","","",""
"785074","Sumner 785074 GH2T 12' Beam Only","Sumner","1800.00","","",""
"785073","Sumner 785073 GH2T 15' Beam Only","Sumner","2164.00","","",""
"785160","Sumner 785160 GH2T Trolley Assembly","Sumner","800.00","","",""
"785075","Sumner 785075 GH2T 10' Beam Only","Sumner","1500.00","","",""
"785076","Sumner 785076 GH2T 8' Beam Only","Sumner","1300.00","","",""
"785101","Sumner 785101 GH2T-12 with 12' Beam","Sumner","9900.00","","",""
"785100","Sumner 785100 GH2T-15 with 15' Beam","Sumner","10100.00","","",""
"785103","Sumner 785103 GH2T-8 with 8' Beam","Sumner","9200.00","","",""
"785102","Sumner 785102 GH2T-10 with 10' Beam","Sumner","9700.00","","",""
"780300","Sumner 780300 R-100 Roust-A-Bout, 15™ Top Ht","Sumner","6937.50","","",""
"779988","Sumner 779988 BASE WELDMENT, Z & R-100/150, GALV.","Sumner","2489.60","","",""
"780447","Sumner 780447 BOTTOM MAST WLDNT, R-100/150","Sumner","1434.00","","",""
"780328","Sumner 780328 BOTTOM MAST WLD, R-100/150 GALV","Sumner","1688.00","","",""
"780299","Sumner 780299 EQUALIZING PULLEY ASSM, R-100","Sumner","53.00","","",""
"780135","Sumner 780135 TEE HD WLDMT  Z & R-100/150 GALV","Sumner","911.00","","",""
"780133","Sumner 780133 TEE HD WLDMT  Z & R-100/150","Sumner","798.00","","",""
"778395","Sumner 778395 LABEL, MODEL NUMBER R-100/R-150","Sumner","27.00","","",""
"780465","Sumner 780465 TEE HEAD ASSEMBLY Z&R-100/150","Sumner","1092.00","","",""
"780449","Sumner 780449 CENTER MAST WELDMENT R-100/150","Sumner","1559.00","","",""
"780450","Sumner 780450 CENTER MAST ASSM, R-100/150","Sumner","1894.00","","",""
"780343","Sumner 780343 SEPARATOR, CM R-100/150","Sumner","10.00","","",""
"780334","Sumner 780334 ROLLER SHAFT, CM R-100/150","Sumner","24.00","","",""
"780349","Sumner 780349 ROLLER, CENTER MAST, R-100/150","Sumner","53.00","","",""
"780329","Sumner 780329 CENTER MAST WLD R-100/150 GALV","Sumner","1598.00","","",""
"780448","Sumner 780448 BOTTOM MAST ASSM, R-100/150","Sumner","1662.00","","",""
"780121","Sumner 780121 EQUALIZING LINE CABLE, R-100/150","Sumner","115.00","","",""
"780048","Sumner 780048 TOP MAST ASSY Z & R-100/150","Sumner","1266.00","","",""
"779986","Sumner 779986 TOP MAST WLDMT Z&R-100/150 GALV","Sumner","731.00","","",""
"780016","Sumner 780016 BASE WELDMENT, Z & R-100","Sumner","4692.00","","",""
"1006-RAB150","EE 1006 After Market Sumner Roust-A-Bout Cable Kit","Energized Engines","214.80","","",""
"780124","Sumner 780124 MAST ELEVATION LINE CABLE, R-100/150","Sumner","128.00","","",""
"","EE 2018 ROUST A BOUT R-100/150 SAFETY DECAL KIT","Energized Engines","85.00","","",""
"783885","Sumner 783885 BRAKE KIT FOR 2025, EVENTER25","Sumner","358.17","","",""