part_number,product_handle,product_models,manual_title,manual_models,page
"783620","shaft-roller","2000, 2100, 2014","Series 2600 Lift Assembly Exploded Diagram","2615","1"
"780820","sumner-780820-brace-mast-right-lf-166","2000, 2100, 2012","Series 2600 Lift Assembly Exploded Diagram","2615","1"
"778349","sumner-778349-label-fork-ext-max-load","2000, 2100","Series 2600 Lift Assembly Exploded Diagram","2615","14"
"784097","sumner-784097-btm-mast-assembly-2012s","2000, 2100","Series 2000 Short Stack Lift Assembly Exploded Diagram","2012S","2"
"784099","sumner-784099-mast-fabrication-btm-mast-2012s-lift","2000, 2100","Series 2000 Short Stack Lift Assembly Exploded Diagram","2012S","2"
"783918","sumner-783918-mast-cover-alum-top-2000-2600","2000","Series 2600 Lift Assembly Exploded Diagram","2615","1"
"771142","sumner-771142-screw-hhc-1-2-13-x-3","2000","2412 Series Lift Assembly","2412, 2416, 2412G, 2416G","2"
"771142","sumner-771142-screw-hhc-1-2-13-x-3","2000","Series 2600 Lift Assembly Exploded Diagram","2615","11"
"772357","sumner-772357-nut-insert-lock-1-2-14","2000","Series 2000 Short Stack Lift Assembly Exploded Diagram","2012S","2"
"772357","sumner-772357-nut-insert-lock-1-2-14","2000","Series 2100 Lift Assembly Exploded Diagram","2112, 2118, 2124, 2112G, 2118G, 2124G","5"
"772357","sumner-772357-nut-insert-lock-1-2-14","2000","Series 2500 Lift Assembly Exploded Diagram","2512, 2515","2"
"772357","sumner-772357-nut-insert-lock-1-2-14","2000","Series 2600 Lift Assembly Exploded Diagram","2615","2"
"772355","sumner-772355-nut-insert-lock-3-8-23","2000","Series 2200 Lift Assembly Exploded Diagram","2208, 2210","1"
"772355","sumner-772355-nut-insert-lock-3-8-23","2000","2412 Series Lift Assembly","2412, 2416, 2412G, 2416G","1"
"772355","sumner-772355-nut-insert-lock-3-8-23","2000","Series 2600 Lift Assembly Exploded Diagram","2615","1"
"772355","sumner-772355-nut-insert-lock-3-8-23","2000","2 Ton Gantry Assembly Exploded Diagram","GH2T, GANTRY","4"
"776212","spring-c0480-042-1250-m","2000, 2100","Series 2200 Lift Assembly Exploded Diagram","2208, 2210","8"
"776212","spring-c0480-042-1250-m","2000, 2100","Series 2500 Lift Assembly Exploded Diagram","2512, 2515","23"
"776212","spring-c0480-042-1250-m","2000, 2100","2 Ton Gantry Assembly Exploded Diagram","GH2T, GANTRY","10"
"782510","plunger","2000, 2100","Series 2200 Lift Assembly Exploded Diagram","2208, 2210","8"
"782510","plunger","2000, 2100","Series 2500 Lift Assembly Exploded Diagram","2512, 2515","23"
"782510","plunger","2000, 2100","2 Ton Gantry Assembly Exploded Diagram","GH2T, GANTRY","10"
"775110","split-ring-1-1-4nick-pltd","2000, 2100","Series 2200 Lift Assembly Exploded Diagram","2208, 2210","8"
"775110","split-ring-1-1-4nick-pltd","2000, 2100","Series 2500 Lift Assembly Exploded Diagram","2512, 2515","23"
"775110","split-ring-1-1-4nick-pltd","2000, 2100","2 Ton Gantry Assembly Exploded Diagram","GH2T, GANTRY","10"
"772502","sumner-772502-nut-insert-jam-5-16-18","Roust-A-Bout","Series 2000 Lift Assembly Exploded Diagram","2010, 2015, 2020, 2025","21"
"772502","sumner-772502-nut-insert-jam-5-16-18","Roust-A-Bout","Series 2100 Lift Assembly Exploded Diagram","2112, 2118, 2124, 2112G, 2118G, 2124G","9"
"772502","sumner-772502-nut-insert-jam-5-16-18","Roust-A-Bout","Series 2200 Lift Assembly Exploded Diagram","2208, 2210","1"
"772502","sumner-772502-nut-insert-jam-5-16-18","Roust-A-Bout","2412 Series Lift Assembly","2412, 2416, 2412G, 2416G","1"
"772502","sumner-772502-nut-insert-jam-5-16-18","Roust-A-Bout","Series 2600 Lift Assembly Exploded Diagram","2615","17"
"779905","sumner-779905-cap-2-od-tube-black","Roust-A-Bout","Series 2100 Lift Assembly Exploded Diagram","2112, 2118, 2124, 2112G, 2118G, 2124G","9"
"779905","sumner-779905-cap-2-od-tube-black","Roust-A-Bout","Series 2200 Lift Assembly Exploded Diagram","2208, 2210","8"
"779905","sumner-779905-cap-2-od-tube-black","Roust-A-Bout","2412 Series Lift Assembly","2412, 2416, 2412G, 2416G","2"
"779905","sumner-779905-cap-2-od-tube-black","Roust-A-Bout","Series 2600 Lift Assembly Exploded Diagram","2615","8"
"779905","sumner-779905-cap-2-od-tube-black","Roust-A-Bout","2 Ton Gantry Assembly Exploded Diagram","GH2T, GANTRY","3"
"773040","sumner-773040-washer-flat-3-8","Roust-A-Bout","Series 2000 Lift Assembly Exploded Diagram","2010, 2015, 2020, 2025","1"
"773040","sumner-773040-washer-flat-3-8","Roust-A-Bout","Series 2200 Lift Assembly Exploded Diagram","2208, 2210","1"
"773040","sumner-773040-washer-flat-3-8","Roust-A-Bout","2412 Series Lift Assembly","2412, 2416, 2412G, 2416G","1"
"773040","sumner-773040-washer-flat-3-8","Roust-A-Bout","Series 2600 Lift Assembly Exploded Diagram","2615","1"
"773094","sumner-773094-washer-flat-sae-1-4","2100","Series 2000 Lift Assembly Exploded Diagram","2010, 2015, 2020, 2025","1"
"773094","sumner-773094-washer-flat-sae-1-4","2100","Series 2600 Lift Assembly Exploded Diagram","2615","1"
"772358","sumner-772358-nut-hex-jam-lock-1-2-13","Roust-A-Bout","Series 2000 Lift Assembly Exploded Diagram","2010, 2015, 2020, 2025","1"
"772358","sumner-772358-nut-hex-jam-lock-1-2-13","Roust-A-Bout","2412 Series Lift Assembly","2412, 2416, 2412G, 2416G","2"
"772358","sumner-772358-nut-hex-jam-lock-1-2-13","Roust-A-Bout","Series 2600 Lift Assembly Exploded Diagram","2615","1"
"779011","sumner-779011-wheel-10-rubber-tire-1","2100","Series 2600 Lift Assembly Exploded Diagram","2615","15"
"774054","sumner-774054-cotter-circle-z-p-072x-1-1-9","2100","Series 2600 Lift Assembly Exploded Diagram","2615","15"
"773051","sumner-773051-washer-flat-5-9","2100","Series 2600 Lift Assembly Exploded Diagram","2615","15"
"783575","stop-block","2000, 2100","Series 2000 Short Stack Lift Assembly Exploded Diagram","2012S","2"
"783575","stop-block","2000, 2100","2412 Series Lift Assembly","2412, 2416, 2412G, 2416G","1"
"783575","stop-block","2000, 2100","Series 2500 Lift Assembly Exploded Diagram","2512, 2515","2"
"783575","stop-block","2000, 2100","Series 2600 Lift Assembly Exploded Diagram","2615","1"
"771257","sumner-771257-screw-shc-1-2-13-x-1-1-4","2000","Series 2000 Short Stack Lift Assembly Exploded Diagram","2012S","2"
"771257","sumner-771257-screw-shc-1-2-13-x-1-1-4","2000","Series 2100 Lift Assembly Exploded Diagram","2112, 2118, 2124, 2112G, 2118G, 2124G","5"
"771257","sumner-771257-screw-shc-1-2-13-x-1-1-4","2000","Series 2500 Lift Assembly Exploded Diagram","2512, 2515","2"
"771257","sumner-771257-screw-shc-1-2-13-x-1-1-4","2000","Series 2600 Lift Assembly Exploded Diagram","2615","1"
"771239","sumner-771239-screw-bhc-5-16-18-x-7-10","2000","Series 2200 Lift Assembly Exploded Diagram","2208, 2210","1"
"779012","sumner-779012-wheel-poly-olefin-3-inch","2000","Series 2200 Lift Assembly Exploded Diagram","2208, 2210","15"
"779012","sumner-779012-wheel-poly-olefin-3-inch","2000","2412 Series Lift Assembly","2412, 2416, 2412G, 2416G","1"
"779012","sumner-779012-wheel-poly-olefin-3-inch","2000","Series 2600 Lift Assembly Exploded Diagram","2615","1"
"783834","sumner-783834-load-line-assy-2015-lift","2015, 2000","Series 2600 Lift Assembly Exploded Diagram","2615","1"
"771060","sumner-771060-screw-hhc-3-8-16-x-1-1-4","2100","Series 2000 Lift Assembly Exploded Diagram","2010, 2015, 2020, 2025","1"
"771060","sumner-771060-screw-hhc-3-8-16-x-1-1-4","2100","Series 2600 Lift Assembly Exploded Diagram","2615","1"
"783551","lock-block","2000, 2100","Series 2600 Lift Assembly Exploded Diagram","2615","1"
"782910","sumner-782910-rope-ret-washer","2000","2412 Series Lift Assembly","2412, 2416, 2412G, 2416G","1"
"782910","sumner-782910-rope-ret-washer","2000","Series 2600 Lift Assembly Exploded Diagram","2615","1"
"771248","sumner-771248-screw-fhsc-3-8-16-x-2","2000","Series 2600 Lift Assembly Exploded Diagram","2615","1"
"774053","sumner-774053-cotter-circle-z-p-048-x-3-5","2000","Series 2200 Lift Assembly Exploded Diagram","2208, 2210","8"
"774053","sumner-774053-cotter-circle-z-p-048-x-3-5","2000","2412 Series Lift Assembly","2412, 2416, 2412G, 2416G","1"
"774053","sumner-774053-cotter-circle-z-p-048-x-3-5","2000","Series 2600 Lift Assembly Exploded Diagram","2615","1"
"771090","sumner-771090-screw-hhc-3-8-16-x-1-1-3","2000, 2100","2412 Series Lift Assembly","2412, 2416, 2412G, 2416G","1"
"771090","sumner-771090-screw-hhc-3-8-16-x-1-1-3","2000, 2100","Series 2600 Lift Assembly Exploded Diagram","2615","11"
"772350","sumner-772350-nut-insert-jam-3-8-20","2000","Series 2000 Short Stack Lift Assembly Exploded Diagram","2012S","2"
"772350","sumner-772350-nut-insert-jam-3-8-20","2000","Series 2100 Lift Assembly Exploded Diagram","2112, 2118, 2124, 2112G, 2118G, 2124G","5"
"772350","sumner-772350-nut-insert-jam-3-8-20","2000","2412 Series Lift Assembly","2412, 2416, 2412G, 2416G","9"
"772350","sumner-772350-nut-insert-jam-3-8-20","2000","Series 2500 Lift Assembly Exploded Diagram","2512, 2515","2"
"772350","sumner-772350-nut-insert-jam-3-8-20","2000","Series 2600 Lift Assembly Exploded Diagram","2615","2"
"772350","sumner-772350-nut-insert-jam-3-8-20","2000","2 Ton Gantry Assembly Exploded Diagram","GH2T, GANTRY","7"
"783536","sumner-783536-pulley-guard-1","2000","Series 2000 Short Stack Lift Assembly Exploded Diagram","2012S","2"
"783536","sumner-783536-pulley-guard-1","2000","Series 2100 Lift Assembly Exploded Diagram","2112, 2118, 2124, 2112G, 2118G, 2124G","3"
"783536","sumner-783536-pulley-guard-1","2000","Series 2500 Lift Assembly Exploded Diagram","2512, 2515","2"
"783536","sumner-783536-pulley-guard-1","2000","Series 2600 Lift Assembly Exploded Diagram","2615","2"
"772505","sumner-772505-nut-jam-lock-12mm","2000","Series 2000 Short Stack Lift Assembly Exploded Diagram","2012S","2"
"772505","sumner-772505-nut-jam-lock-12mm","2000","Series 2100 Lift Assembly Exploded Diagram","2112, 2118, 2124, 2112G, 2118G, 2124G","3"
"772505","sumner-772505-nut-jam-lock-12mm","2000","Series 2500 Lift Assembly Exploded Diagram","2512, 2515","2"
"772505","sumner-772505-nut-jam-lock-12mm","2000","Series 2600 Lift Assembly Exploded Diagram","2615","2"
"783540","sumner-783540-mast-roller-1","2000","Series 2000 Short Stack Lift Assembly Exploded Diagram","2012S","2"
"783540","sumner-783540-mast-roller-1","2000","Series 2100 Lift Assembly Exploded Diagram","2112, 2118, 2124, 2112G, 2118G, 2124G","5"
"783540","sumner-783540-mast-roller-1","2000","Series 2500 Lift Assembly Exploded Diagram","2512, 2515","6"
"783540","sumner-783540-mast-roller-1","2000","Series 2600 Lift Assembly Exploded Diagram","2615","2"
"771350","sumner-771350-screw-shoulder-1-2-x-1-4","2000","Series 2000 Short Stack Lift Assembly Exploded Diagram","2012S","2"
"771350","sumner-771350-screw-shoulder-1-2-x-1-4","2000","Series 2100 Lift Assembly Exploded Diagram","2112, 2118, 2124, 2112G, 2118G, 2124G","5"
"771350","sumner-771350-screw-shoulder-1-2-x-1-4","2000","2412 Series Lift Assembly","2412, 2416, 2412G, 2416G","9"
"771350","sumner-771350-screw-shoulder-1-2-x-1-4","2000","Series 2500 Lift Assembly Exploded Diagram","2512, 2515","2"
"771350","sumner-771350-screw-shoulder-1-2-x-1-4","2000","Series 2600 Lift Assembly Exploded Diagram","2615","2"
"772800","sumner-772800-nut-insert-lock-12mm-1","2000","Series 2000 Short Stack Lift Assembly Exploded Diagram","2012S","2"
"772800","sumner-772800-nut-insert-lock-12mm-1","2000","Series 2100 Lift Assembly Exploded Diagram","2112, 2118, 2124, 2112G, 2118G, 2124G","5"
"772800","sumner-772800-nut-insert-lock-12mm-1","2000","Series 2500 Lift Assembly Exploded Diagram","2512, 2515","2"
"772800","sumner-772800-nut-insert-lock-12mm-1","2000","Series 2600 Lift Assembly Exploded Diagram","2615","2"
"783649","top-reinforcement-bracket","2000, 2100","Series 2000 Short Stack Lift Assembly Exploded Diagram","2012S","2"
"783649","top-reinforcement-bracket","2000, 2100","Series 2500 Lift Assembly Exploded Diagram","2512, 2515","2"
"771107","sumner-771107-screw-hhc-3-8-16-x-2","2000","Series 2000 Short Stack Lift Assembly Exploded Diagram","2012S","2"
"771107","sumner-771107-screw-hhc-3-8-16-x-2","2000","Series 2200 Lift Assembly Exploded Diagram","2208, 2210","1"
"771107","sumner-771107-screw-hhc-3-8-16-x-2","2000","2412 Series Lift Assembly","2412, 2416, 2412G, 2416G","1"
"771107","sumner-771107-screw-hhc-3-8-16-x-2","2000","Series 2500 Lift Assembly Exploded Diagram","2512, 2515","2"
"771107","sumner-771107-screw-hhc-3-8-16-x-2","2000","Series 2600 Lift Assembly Exploded Diagram","2615","1"
"771107","sumner-771107-screw-hhc-3-8-16-x-2","2000","2 Ton Gantry Assembly Exploded Diagram","GH2T, GANTRY","4"
"771258","sumner-771258-screw-sch-1-2-13x-1","2000","Series 2000 Short Stack Lift Assembly Exploded Diagram","2012S","2"
"771258","sumner-771258-screw-sch-1-2-13x-1","2000","Series 2500 Lift Assembly Exploded Diagram","2512, 2515","2"
"771258","sumner-771258-screw-sch-1-2-13x-1","2000","Series 2600 Lift Assembly Exploded Diagram","2615","2"
"773022","sumner-773022-washer-fl-hard-38","2000","Series 2000 Short Stack Lift Assembly Exploded Diagram","2012S","2"
"773022","sumner-773022-washer-fl-hard-38","2000","2412 Series Lift Assembly","2412, 2416, 2412G, 2416G","1"
"773022","sumner-773022-washer-fl-hard-38","2000","Series 2500 Lift Assembly Exploded Diagram","2512, 2515","2"
"773022","sumner-773022-washer-fl-hard-38","2000","Series 2600 Lift Assembly Exploded Diagram","2615","2"
"773060","sumner-773060-washer-flat-1-2","2000","Series 2000 Short Stack Lift Assembly Exploded Diagram","2012S","2"
"773060","sumner-773060-washer-flat-1-2","2000","Series 2200 Lift Assembly Exploded Diagram","2208, 2210","8"
"773060","sumner-773060-washer-flat-1-2","2000","2412 Series Lift Assembly","2412, 2416, 2412G, 2416G","2"
"773060","sumner-773060-washer-flat-1-2","2000","Series 2500 Lift Assembly Exploded Diagram","2512, 2515","2"
"773060","sumner-773060-washer-flat-1-2","2000","Series 2600 Lift Assembly Exploded Diagram","2615","2"
"783694","stop-block-wedge-top-mast-only","2000, 2100","Series 2000 Short Stack Lift Assembly Exploded Diagram","2012S","2"
"783694","stop-block-wedge-top-mast-only","2000, 2100","Series 2500 Lift Assembly Exploded Diagram","2512, 2515","2"
"783694","stop-block-wedge-top-mast-only","2000, 2100","Series 2600 Lift Assembly Exploded Diagram","2615","2"
"780212","plate-outer-brake-disc-wj-15","2000, 2100, Roust-A-Bout","Series 2600 Lift Assembly Exploded Diagram","2615","17"
"780214","brake-ratchet-wj-17","2000, 2100, Roust-A-Bout","Series 2600 Lift Assembly Exploded Diagram","2615","17"
"772375","sumner-772375-nut-insert-lock-5-8-18","Roust-A-Bout","Series 2600 Lift Assembly Exploded Diagram","2615","17"
"771111","sumner-771111-screw-hhc-3-8-16-x-5-1-2","2000","2 Ton Gantry Assembly Exploded Diagram","GH2T, GANTRY","10"
"771290","sumner-771290-screw-fhm-1-4-20-x-2-1-4","2000","Series 2600 Lift Assembly Exploded Diagram","2615","17"
"783621","ratchet-dog-spring","2000, 2100","Series 2600 Lift Assembly Exploded Diagram","2615","17"
"779317","rapid-link-pear-shaped-1-8","2000, 2100","Series 2200 Lift Assembly Exploded Diagram","2208, 2210","11"
"779002","sumner-779002-caster-stem-w-spacer","2000","Series 2600 Lift Assembly Exploded Diagram","2615","11"
"778352","sumner-778352-tape-2-b-y-caution-stripe-1","2000","Series 2600 Lift Assembly Exploded Diagram","2615","11"
"773590","sumner-773590-washer-lock-1-3","Roust-A-Bout","Series 2600 Lift Assembly Exploded Diagram","2615","11"
"782960","sumner-782960-roller-shaft-carr-715-721","2100","Series 2600 Lift Assembly Exploded Diagram","2615","16"
"771120","sumner-771120-screw-hhc-1-2-13x1-1-2","2000","Series 2600 Lift Assembly Exploded Diagram","2615","16"
"780025","sumner-780025-sheave-rab-222-2-z-23","2100","Series 2600 Lift Assembly Exploded Diagram","2615","16"
"783530","brake-spring","2000, 2100","2412 Series Lift Assembly","2412, 2416, 2412G, 2416G","9"
"783530","brake-spring","2000, 2100","Series 2600 Lift Assembly Exploded Diagram","2615","6"
"783529","sumner-783529-safety-brake-assembly-2000-series-lift","2000","Series 2600 Lift Assembly Exploded Diagram","2615","6"
"772076","sumner-772076-nut-insert-lock-1-4-20","2000","2412 Series Lift Assembly","2412, 2416, 2412G, 2416G","9"
"772076","sumner-772076-nut-insert-lock-1-4-20","2000","Series 2600 Lift Assembly Exploded Diagram","2615","6"
"779900","sumner-779900-screw-adjusting-ohio-es2112","2000","2412 Series Lift Assembly","2412, 2416, 2412G, 2416G","9"
"779900","sumner-779900-screw-adjusting-ohio-es2112","2000","Series 2600 Lift Assembly Exploded Diagram","2615","6"
"773042","sumner-773042-washer-flat-5-17","2000","Series 2200 Lift Assembly Exploded Diagram","2208, 2210","1"
"773042","sumner-773042-washer-flat-5-17","2000","2412 Series Lift Assembly","2412, 2416, 2412G, 2416G","1"
"773042","sumner-773042-washer-flat-5-17","2000","Series 2600 Lift Assembly Exploded Diagram","2615","6"
"778346","sumner-778346-label-winch-raise-lower","2000","Series 2100 Lift Assembly Exploded Diagram","2112, 2118, 2124, 2112G, 2118G, 2124G","22"
"778346","sumner-778346-label-winch-raise-lower","2000","2412 Series Lift Assembly","2412, 2416, 2412G, 2416G","18"
"778339","sumner-778339-label-carriage-latch-warning","2000","Series 2100 Lift Assembly Exploded Diagram","2112, 2118, 2124, 2112G, 2118G, 2124G","22"
"778339","sumner-778339-label-carriage-latch-warning","2000","2412 Series Lift Assembly","2412, 2416, 2412G, 2416G","18"
"778347","sumner-778347-label-no-riders-warning","2000","Series 2100 Lift Assembly Exploded Diagram","2112, 2118, 2124, 2112G, 2118G, 2124G","22"
"778347","sumner-778347-label-no-riders-warning","2000","2412 Series Lift Assembly","2412, 2416, 2412G, 2416G","18"
"778920","sumner-778920-label-caution-carriage-latch","2000","Series 2100 Lift Assembly Exploded Diagram","2112, 2118, 2124, 2112G, 2118G, 2124G","22"
"778906","sumner-778906-label-op-manual-lift-read-b4","Roust-A-Bout","Series 2000 Lift Assembly Exploded Diagram","2010, 2015, 2020, 2025","25"
"778906","sumner-778906-label-op-manual-lift-read-b4","Roust-A-Bout","Series 2100 Lift Assembly Exploded Diagram","2112, 2118, 2124, 2112G, 2118G, 2124G","22"
"778906","sumner-778906-label-op-manual-lift-read-b4","Roust-A-Bout","2412 Series Lift Assembly","2412, 2416, 2412G, 2416G","18"
"784841","winch-two-handle-replace-kit","EVENTER 16, Eventer 16","2412 Series Lift Assembly","2412, 2416, 2412G, 2416G","16"
"783757","sumner-783757-winch-handle-for-series-2000-2100-2400-and-eventer","2000, 2100","2412 Series Lift Assembly","2412, 2416, 2412G, 2416G","16"
"783757","sumner-783757-winch-handle-for-series-2000-2100-2400-and-eventer","2000, 2100","Eventer 16 Parts Manual","EVENTER16, EVENTER 16","11"
"772801","sumner-772801-nut-hex-12-mm","2000","Series 2600 Lift Assembly Exploded Diagram","2615","11"
"773091","sumner-773091-washer-flat-7-8-uss-pltd","2000","Series 2600 Lift Assembly Exploded Diagram","2615","11"
"784778","shaft-roller-2400-lift","2005","2412 Series Lift Assembly","2412, 2416, 2412G, 2416G","1"
"784795","sumner-784795-load-line-eventer-16","EVENTER 16, Eventer 16","2412 Series Lift Assembly","2412, 2416, 2412G, 2416G","4"
"776055","sumner-776055-screw-self-tapping-3-4-long","2100","Series 2000 Lift Assembly Exploded Diagram","2010, 2015, 2020, 2025","1"
"776055","sumner-776055-screw-self-tapping-3-4-long","2100","Series 2200 Lift Assembly Exploded Diagram","2208, 2210","1"
"776055","sumner-776055-screw-self-tapping-3-4-long","2100","2412 Series Lift Assembly","2412, 2416, 2412G, 2416G","1"
"776055","sumner-776055-screw-self-tapping-3-4-long","2100","Series 2600 Lift Assembly Exploded Diagram","2615","1"
"774080","sumner-774080-pin-roll-3","2100","Series 2600 Lift Assembly Exploded Diagram","2615","11"
"783940","sumner-783940-outrigger-lock-assembly-4","2000, 2100","Series 2000 Short Stack Lift Assembly Exploded Diagram","2012S","16"
"783940","sumner-783940-outrigger-lock-assembly-4","2000, 2100","Series 2600 Lift Assembly Exploded Diagram","2615","11"
"778348","sumner-778348-label-lower-stabilizer-legs-1","2000, 2100","Series 2600 Lift Assembly Exploded Diagram","2615","11"
"778461","sumner-778461-label-mast-hold-down-bar-type","2000, 2100","2412 Series Lift Assembly","2412, 2416, 2412G, 2416G","18"
"774117","pin-dowel-5-16-x-1-3-4","2000, 2100","Series 2200 Lift Assembly Exploded Diagram","2208, 2210","1"
"784288","sumner-784288-fork-extension-limit-rod-2000-2100","2000, 2100","Series 2200 Lift Assembly Exploded Diagram","2208, 2210","14"
"783750","sumner-783750-base-assembly-2100-lift","2100, 2000","Series 2000 Short Stack Lift Assembly Exploded Diagram","2012S","9"
"783730","sumner-783730-front-leg-assembly-10-12-16","2000, 2100","Series 2000 Short Stack Lift Assembly Exploded Diagram","2012S","10"
"783746","sumner-783746-leg-lock-assembly-2100-series-1","2100, 2000","Series 2000 Short Stack Lift Assembly Exploded Diagram","2012S","13"
"783746","sumner-783746-leg-lock-assembly-2100-series-1","2100, 2000","Series 2600 Lift Assembly Exploded Diagram","2615","8"
"783736","sumner-783736-10-wheel-kit","2000, 2100","Series 2000 Short Stack Lift Assembly Exploded Diagram","2012S","12"
"784490","sumner-784490-nl-winch-assembly-fits-series-2000-and-2100-eventer-20-and-25","2000, 2100, EVENTER 20, Eventer 20","Series 2000 Short Stack Lift Assembly Exploded Diagram","2012S","14"
"783653","sumner-783653-standard-fork-assy-1","2000, 2100","Series 2000 Short Stack Lift Assembly Exploded Diagram","2012S","7"
"783582","sumner-783582-spreader-plate-assembly-1","2000, 2100","Series 2000 Short Stack Lift Assembly Exploded Diagram","2012S","18"
"783582","sumner-783582-spreader-plate-assembly-1","2000, 2100","Series 2600 Lift Assembly Exploded Diagram","2615","1"
"780819","sumner-780819-brace-mast-left-lf-165","2000, 2100","Series 2600 Lift Assembly Exploded Diagram","2615","1"
"783916","sumner-783916-mast-cover-alum-bottom-2000-2100-2600","2000, 2100","Series 2600 Lift Assembly Exploded Diagram","2615","1"
"783040","sumner-783040-hold-down-bar-type-2000-2100","2000, 2100","Series 2000 Short Stack Lift Assembly Exploded Diagram","2012S","15"
"783040","sumner-783040-hold-down-bar-type-2000-2100","2000, 2100","Series 2600 Lift Assembly Exploded Diagram","2615","1"
"771146","sumner-771146-screw-hhc-5-8-11-x-4","2000, 2100","Series 2600 Lift Assembly Exploded Diagram","2615","8"
"771252","sumner-771252-screw-shc-1-2-13-x-2","2100","Series 2000 Lift Assembly Exploded Diagram","2010, 2015, 2020, 2025","1"
"771252","sumner-771252-screw-shc-1-2-13-x-2","2100","Series 2600 Lift Assembly Exploded Diagram","2615","1"
"772503","sumner-772503-nut-insert-jam-5-8-11","2000, Gantry","Series 2600 Lift Assembly Exploded Diagram","2615","8"
"783935","sumner-783935-outrigger-assembly-2000-2100-lifts-1","2000, 2100","Series 2000 Short Stack Lift Assembly Exploded Diagram","2012S","11"
"783935","sumner-783935-outrigger-assembly-2000-2100-lifts-1","2000, 2100","Series 2600 Lift Assembly Exploded Diagram","2615","1"
"783552","sumner-783552-standoff","2000, 2100","Series 2600 Lift Assembly Exploded Diagram","2615","1"
"786585","sumner-786585-lifting-hook-weldment-cd-lift","2100, 2000, 2010","Series 2600 Lift Assembly Exploded Diagram","2615","1"
"783489","sumner-783489-top-pulley-mount-2600","2100","Series 2000 Lift Assembly Exploded Diagram","2010, 2015, 2020, 2025","2"
"783489","sumner-783489-top-pulley-mount-2600","2100","Series 2000 Short Stack Lift Assembly Exploded Diagram","2012S","2"
"783489","sumner-783489-top-pulley-mount-2600","2100","Series 2500 Lift Assembly Exploded Diagram","2512, 2515","2"
"783489","sumner-783489-top-pulley-mount-2600","2100","Series 2600 Lift Assembly Exploded Diagram","2615","2"
"783921","sumner-783921-pulley-assembly-2000-2100-lifts","2000, 2100","Series 2000 Short Stack Lift Assembly Exploded Diagram","2012S","2"
"783921","sumner-783921-pulley-assembly-2000-2100-lifts","2000, 2100","Series 2500 Lift Assembly Exploded Diagram","2512, 2515","2"
"783921","sumner-783921-pulley-assembly-2000-2100-lifts","2000, 2100","Series 2600 Lift Assembly Exploded Diagram","2615","2"
"771339","sumner-771339-7710screw-shoulder-1-2-x-1-4","2100","Series 2000 Short Stack Lift Assembly Exploded Diagram","2012S","2"
"771339","sumner-771339-7710screw-shoulder-1-2-x-1-4","2100","Series 2500 Lift Assembly Exploded Diagram","2512, 2515","2"
"783478","backing-plate-machined","2000, 2100","Series 2000 Short Stack Lift Assembly Exploded Diagram","2012S","2"
"783478","backing-plate-machined","2000, 2100","Series 2500 Lift Assembly Exploded Diagram","2512, 2515","2"
"783478","backing-plate-machined","2000, 2100","Series 2600 Lift Assembly Exploded Diagram","2615","2"
"783534","sumner-783534-carriage","2000, 2100","Series 2000 Short Stack Lift Assembly Exploded Diagram","2012S","5"
"783534","sumner-783534-carriage","2000, 2100","Series 2500 Lift Assembly Exploded Diagram","2512, 2515","6"
"783534","sumner-783534-carriage","2000, 2100","Series 2600 Lift Assembly Exploded Diagram","2615","5"
"783484","sumner-783484-plate-top-pulley-mount-2600","2100","Series 2000 Lift Assembly Exploded Diagram","2010, 2015, 2020, 2025","2"
"783484","sumner-783484-plate-top-pulley-mount-2600","2100","Series 2000 Short Stack Lift Assembly Exploded Diagram","2012S","2"
"783484","sumner-783484-plate-top-pulley-mount-2600","2100","Series 2500 Lift Assembly Exploded Diagram","2512, 2515","2"
"783484","sumner-783484-plate-top-pulley-mount-2600","2100","Series 2600 Lift Assembly Exploded Diagram","2615","2"
"774092","sumner-774092-pin-roll-1-8-x-5-8","2000","Series 2600 Lift Assembly Exploded Diagram","2615","14"
"783528","sumner-783528-leg-weldment-outrigger","2000, 2100","Series 2600 Lift Assembly Exploded Diagram","2615","11"
"783938","sumner-783938-outrigger-support-tube-2500-lifts","2100","Series 2600 Lift Assembly Exploded Diagram","2615","11"
"784498","sumner-784498-plate-inner-brake-disc-nl-winch","2000","Series 2600 Lift Assembly Exploded Diagram","2615","17"
"783581","sumner-783581-spreader-plate-weldment-1","2000, 2100","Series 2600 Lift Assembly Exploded Diagram","2615","16"
"782544","sumner-782544-axle-model-210","2000, 2100","Series 2600 Lift Assembly Exploded Diagram","2615","15"
"783945","sumner-783945-outrigger-lock-kit-2000-2100","2000, 2100","Series 2000 Short Stack Lift Assembly Exploded Diagram","2012S","17"
"783881","sumner-783881-brake-kit-2000-and-eventer","2000, 2100","Series 2000 Short Stack Lift Assembly Exploded Diagram","2012S","6"
"783881","sumner-783881-brake-kit-2000-and-eventer","2000, 2100","Series 2600 Lift Assembly Exploded Diagram","2615","6"
"783886","sumner-783886-load-line-assm-2010-lift","2010, 2000, 2100","Series 2600 Lift Assembly Exploded Diagram","2615","1"
"783808","sumner-783808-mast-fabrication","2000, 2100","Series 2500 Lift Assembly Exploded Diagram","2512, 2515","2"
"783691","sumner-783691-fork-extension-kit-assembly","2000, 2100","Series 2000 Short Stack Lift Assembly Exploded Diagram","2012S","8"
"783589","sumner-783589-limit-rod","2000, 2100","Series 2600 Lift Assembly Exploded Diagram","2615","14"
"783533","sumner-783533-carriage-assembly","2000, 2100","Series 2000 Short Stack Lift Assembly Exploded Diagram","2012S","5"
"783533","sumner-783533-carriage-assembly","2000, 2100","Series 2600 Lift Assembly Exploded Diagram","2615","1"
"778850","sumner-778850-label-do-nt-stnd-udr-load","Roust-A-Bout","Series 2000 Lift Assembly Exploded Diagram","2010, 2015, 2020, 2025","25"
"778850","sumner-778850-label-do-nt-stnd-udr-load","Roust-A-Bout","Series 2100 Lift Assembly Exploded Diagram","2112, 2118, 2124, 2112G, 2118G, 2124G","22"
"785398","sumner-785398-winch-handle-assembly-2-speed-cb-lift","Roust-A-Bout","Series 2600 Lift Assembly Exploded Diagram","2615","17"
"785393","sumner-785393-low-speed-drive-shaft-2-speed-winch","Roust-A-Bout","Series 2600 Lift Assembly Exploded Diagram","2615","17"
"780612","ratchet-stud-cs-49","Roust-A-Bout","Series 2600 Lift Assembly Exploded Diagram","2615","17"
"780251","ratchet-dog-spacer-wj-55","2000, 2100, Roust-A-Bout","Series 2600 Lift Assembly Exploded Diagram","2615","17"
"780225","load-drum-pinion-spacer-wj-28","Roust-A-Bout","Series 2600 Lift Assembly Exploded Diagram","2615","17"
"780221","sumner-780221-spreader-bar-wj-24","Roust-A-Bout","Series 2600 Lift Assembly Exploded Diagram","2615","17"
"780217","load-ratchet-dog-wj-20","Roust-A-Bout","Series 2600 Lift Assembly Exploded Diagram","2615","17"
"780207","idler-gear-assembly","Roust-A-Bout","Series 2600 Lift Assembly Exploded Diagram","2615","17"
"780204","load-drum-pinion-wj-5","Roust-A-Bout","Series 2600 Lift Assembly Exploded Diagram","2615","17"
"780202","sumner-780202-load-drum-final-wldmnt-assy","Roust-A-Bout","Series 2600 Lift Assembly Exploded Diagram","2615","17"
"771286","sumner-771286-screw-fhm-1-4-20-x-1-3-4","Roust-A-Bout","Series 2600 Lift Assembly Exploded Diagram","2615","17"
"771051","sumner-771051-screw-hhc-5-16-18-x-6-grd-2","Roust-A-Bout","Series 2600 Lift Assembly Exploded Diagram","2615","17"
"783705","sumner-783705-pipe-cradle-pair","2000, 2100","Series 2500 Lift Assembly Exploded Diagram","2512, 2515","22"
"783701","sumner-783701-2015-material-lift-15-800-lbs","2015, 2000","Series 2100 Lift Assembly Exploded Diagram","2112, 2118, 2124, 2112G, 2118G, 2124G","9"
"783701","sumner-783701-2015-material-lift-15-800-lbs","2015, 2000","Series 2600 Lift Assembly Exploded Diagram","2615","16"
"783700","sumner-783700-2010-material-lift-10-1000-lbs","2010, 2000","Series 2100 Lift Assembly Exploded Diagram","2112, 2118, 2124, 2112G, 2118G, 2124G","9"
"783700","sumner-783700-2010-material-lift-10-1000-lbs","2010, 2000","Series 2600 Lift Assembly Exploded Diagram","2615","16"
"783650","sumner-783650-2112-contractor-lift-12-650-lbs","2112, 2100","Series 2600 Lift Assembly Exploded Diagram","2615","16"
"783652","sumner-sku-783652-contractor-lift-model-2124","2124, 2100","Series 2600 Lift Assembly Exploded Diagram","2615","16"
"783703","sumner-sku-783703-material-lift-25-650-lbs-model-2025","2025, 2000","Series 2100 Lift Assembly Exploded Diagram","2112, 2118, 2124, 2112G, 2118G, 2124G","9"
"783703","sumner-sku-783703-material-lift-25-650-lbs-model-2025","2025, 2000","Series 2600 Lift Assembly Exploded Diagram","2615","16"
"783702","sumner-sku-783702-material-lift-20-800-lbs-model-2020","2020, 2000","Series 2100 Lift Assembly Exploded Diagram","2112, 2118, 2124, 2112G, 2118G, 2124G","9"
"783702","sumner-sku-783702-material-lift-20-800-lbs-model-2020","2020, 2000","Series 2600 Lift Assembly Exploded Diagram","2615","16"
"783651","sumner-783651-contractor-materials-lift-model-2118","2118, 2100","Series 2600 Lift Assembly Exploded Diagram","2615","16"