model,manual_title,manual_url,http_status,date_checked,source
"2010, 2015, 2020, 2025","Series 2000 Lift Assembly Exploded Diagram","https://sumner.com/wp-content/uploads/sites/14/2025/11/Series-2000-Lift-Assembly-Exploded-Diagram.pdf","200","2026-09-28","web_search"
"2012S","Series 2000 Short Stack Lift Assembly Exploded Diagram","https://sumner.com/wp-content/uploads/sites/14/2025/07/Series-2000-Short-Stack-Lift-Assembly-Exploded-Diagram.pdf","200","2026-09-28","web_search"
"2112, 2118, 2124","Series 2100 Lift Assembly Exploded Diagram","https://sumner.com/wp-content/uploads/sites/14/2025/07/Series-2100-Lift-Assembly-Exploded-Diagram.pdf","200","2026-09-28","web_search"
"2208, 2210","Series 2200 Lift Assembly Exploded Diagram","https://sumner.com/wp-content/uploads/sites/14/2025/11/Series-2200-Lift-Assembly-Exploded-Diagram.pdf","200","2026-09-28","web_search"
"2412, 2416","2412 Series Lift Assembly","https://sumner.com/wp-content/uploads/sites/14/2025/07/2412-Series-Lift-Assembly.pdf","200","2026-09-28","web_search"
"2512, 2515","Series 2500 Lift Assembly Exploded Diagram","https://sumner.com/wp-content/uploads/sites/14/2025/07/2010_Series2500Lift_diagrams.pdf","200","2026-09-28","web_search_task2"
"2615","Series 2600 Lift Assembly Exploded Diagram","https://sumner.com/wp-content/uploads/sites/14/2025/07/Series-2600-Lift-Assembly-Exploded-Diagram.pdf","200","2026-09-28","web_search"
"EVENTER 16","Eventer 16 Parts Manual","https://sumner.com/wp-content/uploads/sites/14/2025/07/Eventer_16_Parts_Manual_10_11.pdf","200","2026-09-28","web_search_task2"
"GH2T","2 Ton Gantry Assembly Exploded Diagram","https://sumner.com/wp-content/uploads/sites/14/2025/07/2-Ton-Gantry-Assembly-Exploded-Diagram.pdf","200","2026-09-28","web_search"
"1908, 1910","Sumner 1910 Series Lift Exploded Diagram","https://sumner.com/wp-content/uploads/sites/14/2025/07/Sumner-1910-Series-Lift-Exploded-Diagram.pdf","200","2026-09-28","web_search_task2"
"R-100, R-150, R-180, R-250","R-Series Parts Manual","","not_found","2026-09-28","web_search_not_found"
"Roust-A-Bout","Roust-A-Bout Exploded Diagram","","not_found","2026-09-28","web_search_not_found"
"SLC-18, SLC-24","SLC Series Parts Manual","","not_found","2026-09-28","web_search_not_found"
