part_number,product_handle,claimed_models,claimed_family,manual_title,note
"778349","sumner-778349-label-fork-ext-max-load","2000, 2100","2000","Series 2000 Lift Assembly Exploded Diagram","Part number not found in claimed model family manual"
"778349","sumner-778349-label-fork-ext-max-load","2000, 2100","2100","Series 2100 Lift Assembly Exploded Diagram","Part number not found in claimed model family manual"
"784097","sumner-784097-btm-mast-assembly-2012s","2000, 2100","2000","Series 2000 Lift Assembly Exploded Diagram","Part number not found in claimed model family manual"
"784097","sumner-784097-btm-mast-assembly-2012s","2000, 2100","2100","Series 2100 Lift Assembly Exploded Diagram","Part number not found in claimed model family manual"
"784099","sumner-784099-mast-fabrication-btm-mast-2012s-lift","2000, 2100","2000","Series 2000 Lift Assembly Exploded Diagram","Part number not found in claimed model family manual"
"784099","sumner-784099-mast-fabrication-btm-mast-2012s-lift","2000, 2100","2100","Series 2100 Lift Assembly Exploded Diagram","Part number not found in claimed model family manual"
"771142","sumner-771142-screw-hhc-1-2-13-x-3","2000","2000","Series 2000 Lift Assembly Exploded Diagram","Part number not found in claimed model family manual"
"773094","sumner-773094-washer-flat-sae-1-4","2100","2100","Series 2100 Lift Assembly Exploded Diagram","Part number not found in claimed model family manual"
"779011","sumner-779011-wheel-10-rubber-tire-1","2100","2100","Series 2100 Lift Assembly Exploded Diagram","Part number not found in claimed model family manual"
"774054","sumner-774054-cotter-circle-z-p-072x-1-1-9","2100","2100","Series 2100 Lift Assembly Exploded Diagram","Part number not found in claimed model family manual"
"773051","sumner-773051-washer-flat-5-9","2100","2100","Series 2100 Lift Assembly Exploded Diagram","Part number not found in claimed model family manual"
"771239","sumner-771239-screw-bhc-5-16-18-x-7-10","2000","2000","Series 2000 Lift Assembly Exploded Diagram","Part number not found in claimed model family manual"
"771060","sumner-771060-screw-hhc-3-8-16-x-1-1-4","2100","2100","Series 2100 Lift Assembly Exploded Diagram","Part number not found in claimed model family manual"
"780212","plate-outer-brake-disc-wj-15","2000, 2100, Roust-A-Bout","2000","Series 2000 Lift Assembly Exploded Diagram","Part number not found in claimed model family manual"
"780212","plate-outer-brake-disc-wj-15","2000, 2100, Roust-A-Bout","2100","Series 2100 Lift Assembly Exploded Diagram","Part number not found in claimed model family manual"
"780214","brake-ratchet-wj-17","2000, 2100, Roust-A-Bout","2000","Series 2000 Lift Assembly Exploded Diagram","Part number not found in claimed model family manual"
"780214","brake-ratchet-wj-17","2000, 2100, Roust-A-Bout","2100","Series 2100 Lift Assembly Exploded Diagram","Part number not found in claimed model family manual"
"771111","sumner-771111-screw-hhc-3-8-16-x-5-1-2","2000","2000","Series 2000 Lift Assembly Exploded Diagram","Part number not found in claimed model family manual"
"771290","sumner-771290-screw-fhm-1-4-20-x-2-1-4","2000","2000","Series 2000 Lift Assembly Exploded Diagram","Part number not found in claimed model family manual"
"783621","ratchet-dog-spring","2000, 2100","2000","Series 2000 Lift Assembly Exploded Diagram","Part number not found in claimed model family manual"
"783621","ratchet-dog-spring","2000, 2100","2100","Series 2100 Lift Assembly Exploded Diagram","Part number not found in claimed model family manual"
"779317","rapid-link-pear-shaped-1-8","2000, 2100","2000","Series 2000 Lift Assembly Exploded Diagram","Part number not found in claimed model family manual"
"779317","rapid-link-pear-shaped-1-8","2000, 2100","2100","Series 2100 Lift Assembly Exploded Diagram","Part number not found in claimed model family manual"
"779002","sumner-779002-caster-stem-w-spacer","2000","2000","Series 2000 Lift Assembly Exploded Diagram","Part number not found in claimed model family manual"
"778352","sumner-778352-tape-2-b-y-caution-stripe-1","2000","2000","Series 2000 Lift Assembly Exploded Diagram","Part number not found in claimed model family manual"
"782960","sumner-782960-roller-shaft-carr-715-721","2100","2100","Series 2100 Lift Assembly Exploded Diagram","Part number not found in claimed model family manual"
"771120","sumner-771120-screw-hhc-1-2-13x1-1-2","2000","2000","Series 2000 Lift Assembly Exploded Diagram","Part number not found in claimed model family manual"
"780025","sumner-780025-sheave-rab-222-2-z-23","2100","2100","Series 2100 Lift Assembly Exploded Diagram","Part number not found in claimed model family manual"
"783530","brake-spring","2000, 2100","2000","Series 2000 Lift Assembly Exploded Diagram","Part number not found in claimed model family manual"
"783530","brake-spring","2000, 2100","2100","Series 2100 Lift Assembly Exploded Diagram","Part number not found in claimed model family manual"
"783529","sumner-783529-safety-brake-assembly-2000-series-lift","2000","2000","Series 2000 Lift Assembly Exploded Diagram","Part number not found in claimed model family manual"
"772076","sumner-772076-nut-insert-lock-1-4-20","2000","2000","Series 2000 Lift Assembly Exploded Diagram","Part number not found in claimed model family manual"
"779900","sumner-779900-screw-adjusting-ohio-es2112","2000","2000","Series 2000 Lift Assembly Exploded Diagram","Part number not found in claimed model family manual"
"773042","sumner-773042-washer-flat-5-17","2000","2000","Series 2000 Lift Assembly Exploded Diagram","Part number not found in claimed model family manual"
"784841","winch-two-handle-replace-kit","EVENTER 16, Eventer 16","EVENTER16","Eventer 16 Parts Manual","Part number not found in claimed model family manual"
"783757","sumner-783757-winch-handle-for-series-2000-2100-2400-and-eventer","2000, 2100","2000","Series 2000 Lift Assembly Exploded Diagram","Part number not found in claimed model family manual"
"783757","sumner-783757-winch-handle-for-series-2000-2100-2400-and-eventer","2000, 2100","2100","Series 2100 Lift Assembly Exploded Diagram","Part number not found in claimed model family manual"
"772801","sumner-772801-nut-hex-12-mm","2000","2000","Series 2000 Lift Assembly Exploded Diagram","Part number not found in claimed model family manual"
"773091","sumner-773091-washer-flat-7-8-uss-pltd","2000","2000","Series 2000 Lift Assembly Exploded Diagram","Part number not found in claimed model family manual"
"784795","sumner-784795-load-line-eventer-16","EVENTER 16, Eventer 16","EVENTER16","Eventer 16 Parts Manual","Part number not found in claimed model family manual"
"776055","sumner-776055-screw-self-tapping-3-4-long","2100","2100","Series 2100 Lift Assembly Exploded Diagram","Part number not found in claimed model family manual"
"774080","sumner-774080-pin-roll-3","2100","2100","Series 2100 Lift Assembly Exploded Diagram","Part number not found in claimed model family manual"
"774117","pin-dowel-5-16-x-1-3-4","2000, 2100","2000","Series 2000 Lift Assembly Exploded Diagram","Part number not found in claimed model family manual"
"774117","pin-dowel-5-16-x-1-3-4","2000, 2100","2100","Series 2100 Lift Assembly Exploded Diagram","Part number not found in claimed model family manual"
"784288","sumner-784288-fork-extension-limit-rod-2000-2100","2000, 2100","2000","Series 2000 Lift Assembly Exploded Diagram","Part number not found in claimed model family manual"
"784288","sumner-784288-fork-extension-limit-rod-2000-2100","2000, 2100","2100","Series 2100 Lift Assembly Exploded Diagram","Part number not found in claimed model family manual"
"771252","sumner-771252-screw-shc-1-2-13-x-2","2100","2100","Series 2100 Lift Assembly Exploded Diagram","Part number not found in claimed model family manual"
"771339","sumner-771339-7710screw-shoulder-1-2-x-1-4","2100","2100","Series 2100 Lift Assembly Exploded Diagram","Part number not found in claimed model family manual"
"774092","sumner-774092-pin-roll-1-8-x-5-8","2000","2000","Series 2000 Lift Assembly Exploded Diagram","Part number not found in claimed model family manual"
"783528","sumner-783528-leg-weldment-outrigger","2000, 2100","2000","Series 2000 Lift Assembly Exploded Diagram","Part number not found in claimed model family manual"
"783528","sumner-783528-leg-weldment-outrigger","2000, 2100","2100","Series 2100 Lift Assembly Exploded Diagram","Part number not found in claimed model family manual"
"783938","sumner-783938-outrigger-support-tube-2500-lifts","2100","2100","Series 2100 Lift Assembly Exploded Diagram","Part number not found in claimed model family manual"
"784498","sumner-784498-plate-inner-brake-disc-nl-winch","2000","2000","Series 2000 Lift Assembly Exploded Diagram","Part number not found in claimed model family manual"
"783581","sumner-783581-spreader-plate-weldment-1","2000, 2100","2000","Series 2000 Lift Assembly Exploded Diagram","Part number not found in claimed model family manual"
"783581","sumner-783581-spreader-plate-weldment-1","2000, 2100","2100","Series 2100 Lift Assembly Exploded Diagram","Part number not found in claimed model family manual"
"782544","sumner-782544-axle-model-210","2000, 2100","2000","Series 2000 Lift Assembly Exploded Diagram","Part number not found in claimed model family manual"
"782544","sumner-782544-axle-model-210","2000, 2100","2100","Series 2100 Lift Assembly Exploded Diagram","Part number not found in claimed model family manual"
"783945","sumner-783945-outrigger-lock-kit-2000-2100","2000, 2100","2000","Series 2000 Lift Assembly Exploded Diagram","Part number not found in claimed model family manual"
"783945","sumner-783945-outrigger-lock-kit-2000-2100","2000, 2100","2100","Series 2100 Lift Assembly Exploded Diagram","Part number not found in claimed model family manual"
"783881","sumner-783881-brake-kit-2000-and-eventer","2000, 2100","2000","Series 2000 Lift Assembly Exploded Diagram","Part number not found in claimed model family manual"
"783881","sumner-783881-brake-kit-2000-and-eventer","2000, 2100","2100","Series 2100 Lift Assembly Exploded Diagram","Part number not found in claimed model family manual"
"783589","sumner-783589-limit-rod","2000, 2100","2000","Series 2000 Lift Assembly Exploded Diagram","Part number not found in claimed model family manual"
"783589","sumner-783589-limit-rod","2000, 2100","2100","Series 2100 Lift Assembly Exploded Diagram","Part number not found in claimed model family manual"
"780251","ratchet-dog-spacer-wj-55","2000, 2100, Roust-A-Bout","2000","Series 2000 Lift Assembly Exploded Diagram","Part number not found in claimed model family manual"
"780251","ratchet-dog-spacer-wj-55","2000, 2100, Roust-A-Bout","2100","Series 2100 Lift Assembly Exploded Diagram","Part number not found in claimed model family manual"
"783701","sumner-783701-2015-material-lift-15-800-lbs","2015, 2000","2000","Series 2000 Lift Assembly Exploded Diagram","Part number not found in claimed model family manual"
"783700","sumner-783700-2010-material-lift-10-1000-lbs","2010, 2000","2000","Series 2000 Lift Assembly Exploded Diagram","Part number not found in claimed model family manual"
"783703","sumner-sku-783703-material-lift-25-650-lbs-model-2025","2025, 2000","2000","Series 2000 Lift Assembly Exploded Diagram","Part number not found in claimed model family manual"
"783702","sumner-sku-783702-material-lift-20-800-lbs-model-2020","2020, 2000","2000","Series 2000 Lift Assembly Exploded Diagram","Part number not found in claimed model family manual"