part_number,brand,upc_gtin,source_url,source_name,status,note
783620,Sumner,,,,not_found,
780820,Sumner,,,,not_found,
783829,Sumner,,,,not_found,
783812,Sumner,,,,not_found,
778928,Sumner,,,,not_found,
771103,Sumner,,,,not_found,
784070,Sumner,,,,not_found,
771349,Sumner,,,,not_found,
778335,Sumner,,,,not_found,
778349,Sumner,,,,not_found,
778371,Sumner,,,,not_found,
778370,Sumner,,,,not_found,
778372,Sumner,,,,not_found,
783459,Sumner,,,,not_found,
783453,Sumner,,,,not_found,
783495,Sumner,,,,not_found,
783535,Sumner,,,,not_found,
783506,Sumner,,,,not_found,
783564,Sumner,,,,not_found,
783608,Sumner,,,,not_found,
783665,Sumner,,,,not_found,
783667,Sumner,,,,not_found,
783666,Sumner,,,,not_found,
783677,Sumner,,,,not_found,
783673,Sumner,,,,not_found,
783680,Sumner,,,,not_found,
783678,Sumner,,,,not_found,
783681,Sumner,,,,not_found,
783717,Sumner,,,,not_found,
783762,Sumner,,,,not_found,
783761,Sumner,,,,not_found,
783957,Sumner,,,,not_found,
783956,Sumner,,,,not_found,
783958,Sumner,,,,not_found,
784095,Sumner,,,,not_found,
783959,Sumner,,,,not_found,
784097,Sumner,,,,not_found,
784096,Sumner,,,,not_found,
784099,Sumner,,,,not_found,
785977,Sumner,,,,not_found,
784796,Sumner,,,,not_found,
785979,Sumner,,,,not_found,
785978,Sumner,,,,not_found,
785980,Sumner,,,,not_found,
785985,Sumner,,,,not_found,
785984,Sumner,,,,not_found,
785986,Sumner,,,,not_found,
786696,Sumner,,,,not_found,
786695,Sumner,,,,not_found,
783918,Sumner,,,,not_found,
771142,Sumner,,,,not_found,
772357,Sumner,,,,not_found,
772355,Sumner,,,,not_found,
776212,Sumner,,,,not_found,
782510,Sumner,661165825107,https://sumneroutlet.com/products/sumner-782510-plunger-for-eventer-stage-lifts-boom-assembly.js,Sumner Outlet,found,
775110,Sumner,661165751109,https://sumneroutlet.com/products/sumner-775110-cable-hoist-contractor-lift-1-1-4-nickel-plated-split-ring.js,Sumner Outlet,found,
774095,Sumner,,,,not_found,
776042,Sumner,,,,not_found,
783575,Sumner,,,,not_found,
783505,Sumner,,,,not_found,
771257,Sumner,,,,not_found,
771239,Sumner,,,,not_found,
783813,Sumner,,,,not_found,
779012,Sumner,,,,not_found,
783834,Sumner,661165838343,https://sumneroutlet.com/products/sumner-783834-load-line-assembly-2015-lift.js,Sumner Outlet,found,
783856,Sumner,,,,not_found,
783551,Sumner,,,,not_found,
782910,Sumner,,,,not_found,
771248,Sumner,,,,not_found,
774053,Sumner,,,,not_found,
783885,Sumner,,,,not_found,
771090,Sumner,,,,not_found,
772350,Sumner,,,,not_found,
771100,Sumner,,,,not_found,
783537,Sumner,,,,not_found,
783536,Sumner,,,,not_found,
772505,Sumner,,,,not_found,
771161,Sumner,,,,not_found,
783540,Sumner,,,,not_found,
771350,Sumner,,,,not_found,
783503,Sumner,,,,not_found,
772800,Sumner,,,,not_found,
783649,Sumner,,,,not_found,
771107,Sumner,,,,not_found,
771258,Sumner,,,,not_found,
773022,Sumner,,,,not_found,
773060,Sumner,,,,not_found,
783694,Sumner,,,,not_found,
783606,Sumner,,,,not_found,
780211,Sumner,,,,not_found,
783754,Sumner,,,,not_found,
780212,Sumner,,,,not_found,
780214,Sumner,,,,not_found,
783615,Sumner,,,,not_found,
783598,Sumner,,,,not_found,
771105,Sumner,,,,not_found,
783611,Sumner,,,,not_found,
783612,Sumner,,,,not_found,
771111,Sumner,,,,not_found,
771290,Sumner,,,,not_found,
771431,Sumner,,,,not_found,
783621,Sumner,,,,not_found,
782619,Sumner,,,,not_found,
783764,Sumner,,,,not_found,
773085,Sumner,,,,not_found,
779317,Sumner,,,,not_found,
779002,Sumner,,,,not_found,
778352,Sumner,,,,not_found,
772100,Sumner,,,,not_found,
771120,Sumner,,,,not_found,
783530,Sumner,,,,not_found,
783529,Sumner,,,,not_found,
772076,Sumner,,,,not_found,
779900,Sumner,,,,not_found,
773042,Sumner,,,,not_found,
778346,Sumner,,,,not_found,
778339,Sumner,,,,not_found,
778347,Sumner,,,,not_found,
778920,Sumner,,,,not_found,
783545,Sumner,,,,not_found,
783757,Sumner,661165837575,https://sumneroutlet.com/products/sumner-783757-winch-handle-assembly-mx.js,Sumner Outlet,found,
771254,Sumner,,,,not_found,
772801,Sumner,,,,not_found,
773091,Sumner,,,,not_found,
783098,Sumner,,,,not_found,
774051,Sumner,,,,not_found,
783943,Sumner,,,,not_found,
783940,Sumner,,,,not_found,
778348,Sumner,,,,not_found,
783942,Sumner,,,,not_found,
783941,Sumner,,,,not_found,
771141,Sumner,,,,not_found,
779938,Sumner,,,,not_found,
774084,Sumner,,,,not_found,
778461,Sumner,,,,not_found,
774117,Sumner,,,,not_found,
784288,Sumner,,,,not_found,
771253,Sumner,,,,not_found,
783750,Sumner,,,,not_found,
783730,Sumner,,,,not_found,
783746,Sumner,,,,not_found,
783736,Sumner,661165837360,https://sumneroutlet.com/products/sumner-783736-10-wheel-kit-material-lift-accessory.js,Sumner Outlet,found,
783739,Sumner,,,,not_found,
783662,Sumner,,,,not_found,
783660,Sumner,,,,not_found,
783682,Sumner,,,,not_found,
783683,Sumner,,,,not_found,
784490,Sumner,,,,not_found,
783653,Sumner,,,,not_found,
783582,Sumner,,,,not_found,
780819,Sumner,,,,not_found,
783916,Sumner,,,,not_found,
783919,Sumner,,,,not_found,
783040,Sumner,661165830408,https://sumneroutlet.com/products/sumner-783040-mast-hold-down-bar-type-2100-material-lift-accessory.js,Sumner Outlet,found,
783629,Sumner,661165836295,https://sumneroutlet.com/products/sumner-783629-load-line-assy-2018-2118.js,Sumner Outlet,found,
783628,Sumner,661165836288,https://sumneroutlet.com/products/sumner-783628-load-line-assy-2012-2112.js,Sumner Outlet,found,
783630,Sumner,661165836301,https://sumneroutlet.com/products/sumner-783630-load-line-assy-2024-2124.js,Sumner Outlet,found,
771146,Sumner,,,,not_found,
772503,Sumner,,,,not_found,
783935,Sumner,661165839357,https://sumneroutlet.com/products/sumner-783935-steel-outrigger-assembly-for-contractor-lift-2000-2100-series.js,Sumner Outlet,found,
778383,Sumner,,,,not_found,
783552,Sumner,,,,not_found,
786585,Sumner,,,,not_found,
783655,Sumner,,,,not_found,
783661,Sumner,,,,not_found,
783921,Sumner,,,,not_found,
783478,Sumner,,,,not_found,
783534,Sumner,,,,not_found,
783663,Sumner,,,,not_found,
783692,Sumner,,,,not_found,
783547,Sumner,,,,not_found,
783496,Sumner,,,,not_found,
774035,Sumner,,,,not_found,
783508,Sumner,,,,not_found,
783509,Sumner,,,,not_found,
783789,Sumner,,,,not_found,
783588,Sumner,,,,not_found,
774092,Sumner,,,,not_found,
783749,Sumner,,,,not_found,
779005,Sumner,661165790054,https://sumneroutlet.com/products/sumner-779005-caster-5-plate-swivel-red.js,Sumner Outlet,found,
783499,Sumner,,,,not_found,
771269,Sumner,,,,not_found,
783738,Sumner,,,,not_found,
783732,Sumner,,,,not_found,
783497,Sumner,,,,not_found,
783498,Sumner,,,,not_found,
783569,Sumner,,,,not_found,
776077,Sumner,,,,not_found,
783644,Sumner,,,,not_found,
783528,Sumner,,,,not_found,
784494,Sumner,,,,not_found,
784492,Sumner,,,,not_found,
783613,Sumner,,,,not_found,
784498,Sumner,,,,not_found,
783599,Sumner,,,,not_found,
779045,Sumner,,,,not_found,
783041,Sumner,,,,not_found,
783044,Sumner,,,,not_found,
783581,Sumner,,,,not_found,
783735,Sumner,,,,not_found,
782544,Sumner,,,,not_found,
774039,Sumner,,,,not_found,
771112,Sumner,,,,not_found,
783740,Sumner,,,,not_found,
784797,Sumner,,,,not_found,
783945,Sumner,,,,not_found,
783881,Sumner,,,,not_found,
783886,Sumner,,,,not_found,
783887,Sumner,,,,not_found,
783808,Sumner,,,,not_found,
783824,Sumner,,,,not_found,
783825,Sumner,,,,not_found,
783826,Sumner,,,,not_found,
783758,Sumner,,,,not_found,
783759,Sumner,,,,not_found,
783691,Sumner,661165836912,https://sumneroutlet.com/products/sumner-783691-carriage-fork-extension-kit-material-lift-accessory.js,Sumner Outlet,found,
783589,Sumner,,,,not_found,
783533,Sumner,,,,not_found,
783504,Sumner,,,,not_found,
783045,Sumner,,,,not_found,
778382,Sumner,,,,not_found,
778350,Sumner,,,,not_found,
778365,Sumner,,,,not_found,
778366,Sumner,,,,not_found,
778367,Sumner,,,,not_found,
778368,Sumner,,,,not_found,
778342,Sumner,,,,not_found,
773631,Sumner,,,,not_found,
773098,Sumner,,,,not_found,
780297,Sumner,,,,not_found,
780251,Sumner,,,,not_found,
780175,Sumner,,,,not_found,
786320,Sumner,,,,not_found,
786783,Sumner,,,,not_found,
786782,Sumner,,,,not_found,
786781,Sumner,,,,not_found,
786382,Sumner,032886299612,https://sumneroutlet.com/products/sumner-786382-2016s-16-short-stack-lift-800lbs.js,Sumner Outlet,found,barcode does not contain the part digits; check before use
786383,Sumner,,,,not_found,
784087,Sumner,,,,not_found,
784093,Sumner,661165840933,https://sumneroutlet.com/products/sumner-784093-2012s-12-short-stack-galvanized-material-lift.js,Sumner Outlet,found,
783705,Sumner,661165837056,https://sumneroutlet.com/products/sumner-783705-pipe-cradle-for-2000-and-2100-series-lifts.js,Sumner Outlet,found,
783701,Sumner,661165837018,https://sumneroutlet.com/products/sumner-783701-2015-material-lift-15-800-lbs.js,Sumner Outlet,found,
783700,Sumner,661165837001,https://sumneroutlet.com/products/sumner-783700-2010-material-lift-10-1000-lbs.js,Sumner Outlet,found,
783642,Sumner,661165836424,https://sumneroutlet.com/products/sumner-783642-boom-assembly-material-lift-accessory.js,Sumner Outlet,found,
783223,Sumner,,,,not_found,
783765,Sumner,,,,not_found,
783703,Sumner,661165837032,https://sumneroutlet.com/products/sumner-783703-2025-material-lift-25-650-lbs.js,Sumner Outlet,found,
783702,Sumner,661165837025,https://sumneroutlet.com/products/sumner-783702-2020-material-lift-20-800-lbs.js,Sumner Outlet,found,
776067,Sumner,,,,not_found,
784778,Sumner,,,,not_found,
779910,Sumner,,,,not_found,
780046,Sumner,,,,not_found,
785977,Sumner,,,,not_found,
786585,Sumner,,,,not_found,
783886,Sumner,,,,not_found,
778365,Sumner,,,,not_found,
783700,Sumner,661165837001,https://sumneroutlet.com/products/sumner-783700-2010-material-lift-10-1000-lbs.js,Sumner Outlet,found,
783223,Sumner,,,,not_found,
780820,Sumner,,,,not_found,
783628,Sumner,661165836288,https://sumneroutlet.com/products/sumner-783628-load-line-assy-2012-2112.js,Sumner Outlet,found,
783620,Sumner,,,,not_found,
783715,Sumner,,,,not_found,
785978,Sumner,,,,not_found,
783834,Sumner,661165838343,https://sumneroutlet.com/products/sumner-783834-load-line-assembly-2015-lift.js,Sumner Outlet,found,
778366,Sumner,,,,not_found,
786781,Sumner,,,,not_found,
783701,Sumner,661165837018,https://sumneroutlet.com/products/sumner-783701-2015-material-lift-15-800-lbs.js,Sumner Outlet,found,
783629,Sumner,661165836295,https://sumneroutlet.com/products/sumner-783629-load-line-assy-2018-2118.js,Sumner Outlet,found,
780301,Sumner,661165803013,https://sumneroutlet.com/products/sumner-780301-r-150-roust-a-bout.js,Sumner Outlet,found,
785979,Sumner,,,,not_found,
783887,Sumner,,,,not_found,
778367,Sumner,,,,not_found,
786782,Sumner,,,,not_found,
783702,Sumner,661165837025,https://sumneroutlet.com/products/sumner-783702-2020-material-lift-20-800-lbs.js,Sumner Outlet,found,
783630,Sumner,661165836301,https://sumneroutlet.com/products/sumner-783630-load-line-assy-2024-2124.js,Sumner Outlet,found,
785980,Sumner,,,,not_found,
783856,Sumner,,,,not_found,
783885,Sumner,,,,not_found,
778368,Sumner,,,,not_found,
786783,Sumner,,,,not_found,
783703,Sumner,661165837032,https://sumneroutlet.com/products/sumner-783703-2025-material-lift-25-650-lbs.js,Sumner Outlet,found,
783620,Sumner,,,,not_found,
780820,Sumner,,,,not_found,
783829,Sumner,,,,not_found,
783812,Sumner,,,,not_found,
771103,Sumner,,,,not_found,
784070,Sumner,,,,not_found,
771349,Sumner,,,,not_found,
778335,Sumner,,,,not_found,
778349,Sumner,,,,not_found,
778371,Sumner,,,,not_found,
778370,Sumner,,,,not_found,
778372,Sumner,,,,not_found,
783459,Sumner,,,,not_found,
783453,Sumner,,,,not_found,
783495,Sumner,,,,not_found,
783535,Sumner,,,,not_found,
783506,Sumner,,,,not_found,
783564,Sumner,,,,not_found,
783608,Sumner,,,,not_found,
783665,Sumner,,,,not_found,
783667,Sumner,,,,not_found,
783666,Sumner,,,,not_found,
783677,Sumner,,,,not_found,
783673,Sumner,,,,not_found,
783680,Sumner,,,,not_found,
783678,Sumner,,,,not_found,
783681,Sumner,,,,not_found,
783717,Sumner,,,,not_found,
783762,Sumner,,,,not_found,
783761,Sumner,,,,not_found,
783957,Sumner,,,,not_found,
783956,Sumner,,,,not_found,
783958,Sumner,,,,not_found,
784095,Sumner,,,,not_found,
783959,Sumner,,,,not_found,
784097,Sumner,,,,not_found,
784096,Sumner,,,,not_found,
784099,Sumner,,,,not_found,
785977,Sumner,,,,not_found,
784796,Sumner,,,,not_found,
785979,Sumner,,,,not_found,
785978,Sumner,,,,not_found,
785980,Sumner,,,,not_found,
785985,Sumner,,,,not_found,
785984,Sumner,,,,not_found,
785986,Sumner,,,,not_found,
786696,Sumner,,,,not_found,
786695,Sumner,,,,not_found,
776212,Sumner,,,,not_found,
782510,Sumner,661165825107,https://sumneroutlet.com/products/sumner-782510-plunger-for-eventer-stage-lifts-boom-assembly.js,Sumner Outlet,found,
775110,Sumner,661165751109,https://sumneroutlet.com/products/sumner-775110-cable-hoist-contractor-lift-1-1-4-nickel-plated-split-ring.js,Sumner Outlet,found,
774095,Sumner,,,,not_found,
773094,Sumner,,,,not_found,
774180,Sumner,,,,not_found,
779011,Sumner,661165790115,https://sumneroutlet.com/products/sumner-779011-wheel-10-rubber-tire.js,Sumner Outlet,found,
774054,Sumner,,,,not_found,
773051,Sumner,,,,not_found,
783575,Sumner,,,,not_found,
771060,Sumner,,,,not_found,
783551,Sumner,,,,not_found,
783885,Sumner,,,,not_found,
771090,Sumner,,,,not_found,
783537,Sumner,,,,not_found,
773096,Sumner,,,,not_found,
783649,Sumner,,,,not_found,
783694,Sumner,,,,not_found,
783606,Sumner,,,,not_found,
780211,Sumner,,,,not_found,
783754,Sumner,,,,not_found,
780212,Sumner,,,,not_found,
780214,Sumner,,,,not_found,
783615,Sumner,,,,not_found,
783598,Sumner,,,,not_found,
783612,Sumner,,,,not_found,
783621,Sumner,,,,not_found,
776072,Sumner,,,,not_found,
782619,Sumner,,,,not_found,
783764,Sumner,,,,not_found,
773085,Sumner,,,,not_found,
779317,Sumner,,,,not_found,
772100,Sumner,,,,not_found,
782960,Sumner,,,,not_found,
780025,Sumner,,,,not_found,
783530,Sumner,,,,not_found,
783757,Sumner,661165837575,https://sumneroutlet.com/products/sumner-783757-winch-handle-assembly-mx.js,Sumner Outlet,found,
783756,Sumner,,,,not_found,
776055,Sumner,,,,not_found,
774051,Sumner,,,,not_found,
783943,Sumner,,,,not_found,
774080,Sumner,,,,not_found,
783940,Sumner,,,,not_found,
778348,Sumner,,,,not_found,
783942,Sumner,,,,not_found,
783941,Sumner,,,,not_found,
771141,Sumner,,,,not_found,
783944,Sumner,,,,not_found,
776221,Sumner,,,,not_found,
779938,Sumner,,,,not_found,
774084,Sumner,,,,not_found,
778461,Sumner,,,,not_found,
774117,Sumner,,,,not_found,
784288,Sumner,,,,not_found,
783750,Sumner,,,,not_found,
783730,Sumner,,,,not_found,
783746,Sumner,,,,not_found,
783736,Sumner,661165837360,https://sumneroutlet.com/products/sumner-783736-10-wheel-kit-material-lift-accessory.js,Sumner Outlet,found,
783739,Sumner,,,,not_found,
783662,Sumner,,,,not_found,
783660,Sumner,,,,not_found,
783682,Sumner,,,,not_found,
783683,Sumner,,,,not_found,
784490,Sumner,,,,not_found,
783653,Sumner,,,,not_found,
783582,Sumner,,,,not_found,
780819,Sumner,,,,not_found,
783916,Sumner,,,,not_found,
783919,Sumner,,,,not_found,
783040,Sumner,661165830408,https://sumneroutlet.com/products/sumner-783040-mast-hold-down-bar-type-2100-material-lift-accessory.js,Sumner Outlet,found,
783629,Sumner,661165836295,https://sumneroutlet.com/products/sumner-783629-load-line-assy-2018-2118.js,Sumner Outlet,found,
783628,Sumner,661165836288,https://sumneroutlet.com/products/sumner-783628-load-line-assy-2012-2112.js,Sumner Outlet,found,
783630,Sumner,661165836301,https://sumneroutlet.com/products/sumner-783630-load-line-assy-2024-2124.js,Sumner Outlet,found,
771146,Sumner,,,,not_found,
771252,Sumner,,,,not_found,
783935,Sumner,661165839357,https://sumneroutlet.com/products/sumner-783935-steel-outrigger-assembly-for-contractor-lift-2000-2100-series.js,Sumner Outlet,found,
778383,Sumner,,,,not_found,
783552,Sumner,,,,not_found,
786585,Sumner,,,,not_found,
783655,Sumner,,,,not_found,
783661,Sumner,,,,not_found,
783489,Sumner,,,,not_found,
783921,Sumner,,,,not_found,
771339,Sumner,,,,not_found,
783478,Sumner,,,,not_found,
783534,Sumner,,,,not_found,
783484,Sumner,,,,not_found,
783663,Sumner,,,,not_found,
783692,Sumner,,,,not_found,
783547,Sumner,,,,not_found,
783496,Sumner,,,,not_found,
774035,Sumner,,,,not_found,
783508,Sumner,,,,not_found,
783509,Sumner,,,,not_found,
783789,Sumner,,,,not_found,
783588,Sumner,,,,not_found,
783749,Sumner,,,,not_found,
779005,Sumner,661165790054,https://sumneroutlet.com/products/sumner-779005-caster-5-plate-swivel-red.js,Sumner Outlet,found,
783499,Sumner,,,,not_found,
771269,Sumner,,,,not_found,
783738,Sumner,,,,not_found,
783732,Sumner,,,,not_found,
783497,Sumner,,,,not_found,
783498,Sumner,,,,not_found,
783569,Sumner,,,,not_found,
776077,Sumner,,,,not_found,
783644,Sumner,,,,not_found,
783528,Sumner,,,,not_found,
783938,Sumner,,,,not_found,
784494,Sumner,,,,not_found,
784492,Sumner,,,,not_found,
783613,Sumner,,,,not_found,
779045,Sumner,,,,not_found,
783041,Sumner,,,,not_found,
783044,Sumner,,,,not_found,
783581,Sumner,,,,not_found,
783735,Sumner,,,,not_found,
782544,Sumner,,,,not_found,
774039,Sumner,,,,not_found,
783740,Sumner,,,,not_found,
784797,Sumner,,,,not_found,
783945,Sumner,,,,not_found,
783881,Sumner,,,,not_found,
783886,Sumner,,,,not_found,
783887,Sumner,,,,not_found,
783808,Sumner,,,,not_found,
783824,Sumner,,,,not_found,
783825,Sumner,,,,not_found,
783826,Sumner,,,,not_found,
783758,Sumner,,,,not_found,
783759,Sumner,,,,not_found,
783691,Sumner,661165836912,https://sumneroutlet.com/products/sumner-783691-carriage-fork-extension-kit-material-lift-accessory.js,Sumner Outlet,found,
783589,Sumner,,,,not_found,
783533,Sumner,,,,not_found,
783504,Sumner,,,,not_found,
783045,Sumner,,,,not_found,
778382,Sumner,,,,not_found,
778350,Sumner,,,,not_found,
778365,Sumner,,,,not_found,
778366,Sumner,,,,not_found,
778367,Sumner,,,,not_found,
778368,Sumner,,,,not_found,
778342,Sumner,,,,not_found,
773098,Sumner,,,,not_found,
780297,Sumner,,,,not_found,
780251,Sumner,,,,not_found,
786320,Sumner,,,,not_found,
783705,Sumner,661165837056,https://sumneroutlet.com/products/sumner-783705-pipe-cradle-for-2000-and-2100-series-lifts.js,Sumner Outlet,found,
783642,Sumner,661165836424,https://sumneroutlet.com/products/sumner-783642-boom-assembly-material-lift-accessory.js,Sumner Outlet,found,
783225,Sumner,661165832259,https://sumneroutlet.com/products/sumner-783225-2112-12-galvanized-series-2100-contractor-lift.js,Sumner Outlet,found,
783650,Sumner,661165836509,https://sumneroutlet.com/products/sumner-783650-2112-contractor-lift-12-650-lbs.js,Sumner Outlet,found,
783765,Sumner,,,,not_found,
783227,Sumner,661165832273,https://sumneroutlet.com/products/sumner-783227-2124-24-galvanized-series-2100-contractor-lift.js,Sumner Outlet,found,
783226,Sumner,661165836516,https://sumneroutlet.com/products/sumner-783226-2118-contractor-lift-18-650-lbs-galvanized.js,Sumner Outlet,found,barcode does not contain the part digits; check before use
783652,Sumner,661165836523,https://sumneroutlet.com/products/sumner-783652-2124-contractor-lift.js,Sumner Outlet,found,
783651,Sumner,661165836516,https://sumneroutlet.com/products/sumner-783651-2118-contractor-materials-lift.js,Sumner Outlet,found,
776067,Sumner,,,,not_found,
778370,Sumner,,,,not_found,
785984,Sumner,,,,not_found,
783628,Sumner,661165836288,https://sumneroutlet.com/products/sumner-783628-load-line-assy-2012-2112.js,Sumner Outlet,found,
783225,Sumner,661165832259,https://sumneroutlet.com/products/sumner-783225-2112-12-galvanized-series-2100-contractor-lift.js,Sumner Outlet,found,
783650,Sumner,661165836509,https://sumneroutlet.com/products/sumner-783650-2112-contractor-lift-12-650-lbs.js,Sumner Outlet,found,
778371,Sumner,,,,not_found,
785985,Sumner,,,,not_found,
783629,Sumner,661165836295,https://sumneroutlet.com/products/sumner-783629-load-line-assy-2018-2118.js,Sumner Outlet,found,
783226,Sumner,661165836516,https://sumneroutlet.com/products/sumner-783226-2118-contractor-lift-18-650-lbs-galvanized.js,Sumner Outlet,found,barcode does not contain the part digits; check before use
783651,Sumner,661165836516,https://sumneroutlet.com/products/sumner-783651-2118-contractor-materials-lift.js,Sumner Outlet,found,
778372,Sumner,,,,not_found,
785986,Sumner,,,,not_found,
783630,Sumner,661165836301,https://sumneroutlet.com/products/sumner-783630-load-line-assy-2024-2124.js,Sumner Outlet,found,
783227,Sumner,661165832273,https://sumneroutlet.com/products/sumner-783227-2124-24-galvanized-series-2100-contractor-lift.js,Sumner Outlet,found,
783652,Sumner,661165836523,https://sumneroutlet.com/products/sumner-783652-2124-contractor-lift.js,Sumner Outlet,found,
784060,Sumner,,,,not_found,
783715,Sumner,,,,not_found,
783829,Sumner,,,,not_found,
783453,Sumner,,,,not_found,
'783824-BLK,Sumner,,,,not_found,
783802,Sumner,,,,not_found,
783810,Sumner,,,,not_found,
'783826-BLK,Sumner,,,,not_found,
783804,Sumner,,,,not_found,
783841,Sumner,,,,not_found,
783805,Sumner,,,,not_found,
783864,Sumner,,,,not_found,
783828,Sumner,,,,not_found,
778384,Sumner,,,,not_found,
783885,Sumner,,,,not_found,
778353,Sumner,,,,not_found,
784490,Sumner,,,,not_found,
784060,Sumner,,,,not_found,
783453,Sumner,,,,not_found,
778353,Sumner,,,,not_found,
784490,Sumner,,,,not_found,
785991,Sumner,,,,not_found,
787538,Sumner,,,,not_found,
785074,Sumner,,,,not_found,
785073,Sumner,,,,not_found,
785160,Sumner,,,,not_found,
785075,Sumner,,,,not_found,
786960,Sumner,,,,not_found,
785321,Sumner,,,,not_found,
785320,Sumner,,,,not_found,
785323,Sumner,,,,not_found,
785322,Sumner,,,,not_found,
779040,Sumner,,,,not_found,
785600,Sumner,,,,not_found,
779041,Sumner,,,,not_found,
774168,Sumner,,,,not_found,
785816,Sumner,,,,not_found,
785815,Sumner,,,,not_found,
785817,Sumner,,,,not_found,
785895,Sumner,,,,not_found,
771143,Sumner,,,,not_found,
771144,Sumner,,,,not_found,
771355,Sumner,,,,not_found,
773052,Sumner,,,,not_found,
772376,Sumner,,,,not_found,
775200,Sumner,,,,not_found,
779215,Sumner,,,,not_found,
776019,Sumner,,,,not_found,
785040,Sumner,,,,not_found,
779227,Sumner,,,,not_found,
785041,Sumner,,,,not_found,
785050,Sumner,,,,not_found,
785042,Sumner,,,,not_found,
785056,Sumner,,,,not_found,
785055,Sumner,,,,not_found,
785057,Sumner,,,,not_found,
785080,Sumner,,,,not_found,
785058,Sumner,,,,not_found,
785085,Sumner,,,,not_found,
785081,Sumner,,,,not_found,
785086,Sumner,,,,not_found,
785106,Sumner,,,,not_found,
785087,Sumner,,,,not_found,
785125,Sumner,,,,not_found,
785120,Sumner,,,,not_found,
785130,Sumner,,,,not_found,
785126,Sumner,,,,not_found,
785131,Sumner,,,,not_found,
785140,Sumner,,,,not_found,
785136,Sumner,,,,not_found,
785143,Sumner,,,,not_found,
785161,Sumner,,,,not_found,
785144,Sumner,,,,not_found,
785168,Sumner,,,,not_found,
785167,Sumner,,,,not_found,
785170,Sumner,,,,not_found,
785175,Sumner,,,,not_found,
785996,Sumner,,,,not_found,
785994,Sumner,,,,not_found,
785998,Sumner,,,,not_found,
771091,Sumner,,,,not_found,
'760014-2,Sumner,,,,not_found,
771092,Sumner,,,,not_found,
771145,Sumner,,,,not_found,
771149,Sumner,,,,not_found,
771356,Sumner,,,,not_found,
779050,Sumner,,,,not_found,
776222,Sumner,,,,not_found,
779051,Sumner,,,,not_found,
785331,Sumner,,,,not_found,
785330,Sumner,,,,not_found,
785332,Sumner,,,,not_found,
785335,Sumner,,,,not_found,
785333,Sumner,,,,not_found,
785336,Sumner,,,,not_found,
785338,Sumner,,,,not_found,
785337,Sumner,,,,not_found,
785339,Sumner,,,,not_found,
785360,Sumner,,,,not_found,
785361,Sumner,,,,not_found,
785363,Sumner,,,,not_found,
785362,Sumner,,,,not_found,
785364,Sumner,,,,not_found,
785366,Sumner,,,,not_found,
785365,Sumner,,,,not_found,
785405,Sumner,,,,not_found,
785415,Sumner,,,,not_found,
785412,Sumner,,,,not_found,
785420,Sumner,,,,not_found,
785423,Sumner,,,,not_found,
785421,Sumner,,,,not_found,
785425,Sumner,,,,not_found,
785426,Sumner,,,,not_found,
785428,Sumner,,,,not_found,
785427,Sumner,,,,not_found,
785435,Sumner,,,,not_found,
785430,Sumner,,,,not_found,
785436,Sumner,,,,not_found,
785438,Sumner,,,,not_found,
785437,Sumner,,,,not_found,
785441,Sumner,,,,not_found,
785440,Sumner,,,,not_found,
785605,Sumner,,,,not_found,
785601,Sumner,,,,not_found,
785990,Sumner,,,,not_found,
785993,Sumner,,,,not_found,
774206,Sumner,,,,not_found,
776162,Sumner,,,,not_found,
776157,Sumner,,,,not_found,
776236,Sumner,,,,not_found,
778517,Sumner,,,,not_found,
778496,Sumner,,,,not_found,
778522,Sumner,,,,not_found,
785635,Sumner,,,,not_found,
779946,Sumner,,,,not_found,
785810,Sumner,,,,not_found,
785647,Sumner,,,,not_found,
785811,Sumner,,,,not_found,
785819,Sumner,,,,not_found,
785818,Sumner,,,,not_found,
785820,Sumner,,,,not_found,
785822,Sumner,,,,not_found,
785821,Sumner,,,,not_found,
785830,Sumner,,,,not_found,
785832,Sumner,,,,not_found,
785831,Sumner,,,,not_found,
785833,Sumner,,,,not_found,
785835,Sumner,,,,not_found,
785834,Sumner,,,,not_found,
785836,Sumner,,,,not_found,
785848,Sumner,,,,not_found,
785846,Sumner,,,,not_found,
785851,Sumner,,,,not_found,
785850,Sumner,,,,not_found,
785852,Sumner,,,,not_found,
785854,Sumner,,,,not_found,
785853,Sumner,,,,not_found,
785860,Sumner,,,,not_found,
785863,Sumner,,,,not_found,
785862,Sumner,,,,not_found,
785866,Sumner,,,,not_found,
785864,Sumner,,,,not_found,
785870,Sumner,,,,not_found,
785872,Sumner,,,,not_found,
785871,Sumner,,,,not_found,
785874,Sumner,,,,not_found,
785873,Sumner,,,,not_found,
785875,Sumner,,,,not_found,
785877,Sumner,,,,not_found,
785876,Sumner,,,,not_found,
785886,Sumner,,,,not_found,
785885,Sumner,,,,not_found,
785888,Sumner,,,,not_found,
785887,Sumner,,,,not_found,
785896,Sumner,,,,not_found,
785891,Sumner,,,,not_found,
785898,Sumner,,,,not_found,
785897,Sumner,,,,not_found,
785901,Sumner,,,,not_found,
785899,Sumner,,,,not_found,
785905,Sumner,,,,not_found,
785904,Sumner,,,,not_found,
785907,Sumner,,,,not_found,
785906,Sumner,,,,not_found,
785909,Sumner,,,,not_found,
785908,Sumner,,,,not_found,
785911,Sumner,,,,not_found,
785913,Sumner,,,,not_found,
785912,Sumner,,,,not_found,
785992,Sumner,,,,not_found,
785987,Sumner,,,,not_found,
785076,Sumner,,,,not_found,
771245,Sumner,,,,not_found,
776221,Sumner,,,,not_found,
772503,Sumner,,,,not_found,
780046,Sumner,,,,not_found,
780301,Sumner,661165803013,https://sumneroutlet.com/products/sumner-780301-r-150-roust-a-bout.js,Sumner Outlet,found,
780302,Sumner,661165803020,https://sumneroutlet.com/products/sumner-780302-r-180-roust-a-bout-18-top-ht.js,Sumner Outlet,found,
780303,Sumner,661165803037,https://sumneroutlet.com/products/sumner-780303-r-250-roust-a-bout.js,Sumner Outlet,found,
780224,Sumner,,,,not_found,
781060,Sumner,661165810608,https://sumneroutlet.com/products/sumner-781060-r-z-100-z-150-tee-head-ext.js,Sumner Outlet,found,
781062,Sumner,661165810622,https://sumneroutlet.com/products/sumner-781062-r-z-250-68-tee-head-ext.js,Sumner Outlet,found,
781061,Sumner,661165810615,https://sumneroutlet.com/products/sumner-781061-r-z-180-z-200-tee-head-ext.js,Sumner Outlet,found,
781546,Sumner,,,,not_found,
781545,Sumner,,,,not_found,
780300,Sumner,661165803006,https://sumneroutlet.com/products/sumner-780300-r-100-roust-a-bout-15-top-ht.js,Sumner Outlet,found,
781547,Sumner,,,,not_found,
780194,Sumner,,,,not_found,
774055,Sumner,,,,not_found,
773560,Sumner,,,,not_found,
775220,Sumner,,,,not_found,
775210,Sumner,,,,not_found,
778387,Sumner,,,,not_found,
778386,Sumner,,,,not_found,
779403,Sumner,,,,not_found,
778926,Sumner,,,,not_found,
779410,Sumner,,,,not_found,
779989,Sumner,,,,not_found,
779988,Sumner,,,,not_found,
780026,Sumner,,,,not_found,
779990,Sumner,,,,not_found,
780034,Sumner,,,,not_found,
780033,Sumner,,,,not_found,
780039,Sumner,,,,not_found,
780037,Sumner,,,,not_found,
780043,Sumner,,,,not_found,
780045,Sumner,,,,not_found,
780044,Sumner,,,,not_found,
780049,Sumner,,,,not_found,
780171,Sumner,,,,not_found,
780157,Sumner,,,,not_found,
780188,Sumner,,,,not_found,
780223,Sumner,,,,not_found,
780322,Sumner,,,,not_found,
780244,Sumner,,,,not_found,
780447,Sumner,,,,not_found,
780340,Sumner,,,,not_found,
781366,Sumner,,,,not_found,
781340,Sumner,,,,not_found,
772502,Sumner,,,,not_found,
779905,Sumner,,,,not_found,
773040,Sumner,,,,not_found,
773550,Sumner,,,,not_found,
772358,Sumner,,,,not_found,
780182,Sumner,,,,not_found,
780211,Sumner,,,,not_found,
780212,Sumner,,,,not_found,
780214,Sumner,,,,not_found,
780216,Sumner,,,,not_found,
772375,Sumner,,,,not_found,
773590,Sumner,,,,not_found,
778906,Sumner,,,,not_found,
780205,Sumner,,,,not_found,
784500,Sumner,,,,not_found,
771020,Sumner,,,,not_found,
778850,Sumner,,,,not_found,
785398,Sumner,,,,not_found,
785393,Sumner,,,,not_found,
781367,Sumner,,,,not_found,
781067,Sumner,,,,not_found,
781066,Sumner,,,,not_found,
781365,Sumner,,,,not_found,
781065,Sumner,,,,not_found,
780612,Sumner,,,,not_found,
780603,Sumner,,,,not_found,
780602,Sumner,,,,not_found,
781063,Sumner,,,,not_found,
780328,Sumner,,,,not_found,
780601,Sumner,,,,not_found,
780335,Sumner,,,,not_found,
780452,Sumner,,,,not_found,
780295,Sumner,,,,not_found,
780293,Sumner,,,,not_found,
780297,Sumner,,,,not_found,
780299,Sumner,,,,not_found,
780251,Sumner,,,,not_found,
780225,Sumner,,,,not_found,
780292,Sumner,,,,not_found,
780285,Sumner,,,,not_found,
780290,Sumner,,,,not_found,
780248,Sumner,,,,not_found,
780221,Sumner,,,,not_found,
780220,Sumner,,,,not_found,
780217,Sumner,,,,not_found,
780215,Sumner,,,,not_found,
780213,Sumner,,,,not_found,
780210,Sumner,,,,not_found,
780209,Sumner,,,,not_found,
780207,Sumner,,,,not_found,
780206,Sumner,,,,not_found,
780204,Sumner,,,,not_found,
780203,Sumner,,,,not_found,
780202,Sumner,,,,not_found,
780192,Sumner,,,,not_found,
780198,Sumner,,,,not_found,
780174,Sumner,,,,not_found,
780143,Sumner,,,,not_found,
780142,Sumner,,,,not_found,
780156,Sumner,,,,not_found,
780090,Sumner,,,,not_found,
780052,Sumner,661165800524,https://sumneroutlet.com/products/sumner-780052-counterweight-rab-511.js,Sumner Outlet,found,
780047,Sumner,,,,not_found,
780135,Sumner,,,,not_found,
780133,Sumner,,,,not_found,
780022,Sumner,,,,not_found,
778933,Sumner,,,,not_found,
779401,Sumner,,,,not_found,
780027,Sumner,,,,not_found,
780021,Sumner,,,,not_found,
780023,Sumner,,,,not_found,
778904,Sumner,,,,not_found,
778399,Sumner,,,,not_found,
778398,Sumner,,,,not_found,
778397,Sumner,,,,not_found,
778396,Sumner,,,,not_found,
778395,Sumner,,,,not_found,
778394,Sumner,,,,not_found,
778393,Sumner,,,,not_found,
778392,Sumner,,,,not_found,
778391,Sumner,,,,not_found,
775060,Sumner,,,,not_found,
773021,Sumner,,,,not_found,
772050,Sumner,,,,not_found,
771460,Sumner,661165714609,https://sumneroutlet.com/products/sumner-771460-3-8-16-x-3-8-cup-point-socket-head-set-screw.js,Sumner Outlet,found,
771286,Sumner,,,,not_found,
771284,Sumner,,,,not_found,
771051,Sumner,,,,not_found,
771035,Sumner,,,,not_found,
771043,Sumner,,,,not_found,
771125,Sumner,,,,not_found,
780465,Sumner,,,,not_found,
780466,Sumner,,,,not_found,
780449,Sumner,,,,not_found,
780463,Sumner,,,,not_found,
780464,Sumner,,,,not_found,
780450,Sumner,,,,not_found,
780343,Sumner,,,,not_found,
780334,Sumner,,,,not_found,
780349,Sumner,,,,not_found,
780329,Sumner,,,,not_found,
780327,Sumner,,,,not_found,
780341,Sumner,,,,not_found,
780342,Sumner,,,,not_found,
780448,Sumner,,,,not_found,
780125,Sumner,,,,not_found,
780122,Sumner,,,,not_found,
780123,Sumner,,,,not_found,
780121,Sumner,,,,not_found,
780175,Sumner,,,,not_found,
780291,Sumner,,,,not_found,
780036,Sumner,,,,not_found,
780051,Sumner,,,,not_found,
780050,Sumner,,,,not_found,
780048,Sumner,,,,not_found,
780035,Sumner,,,,not_found,
779987,Sumner,,,,not_found,
780007,Sumner,,,,not_found,
780005,Sumner,,,,not_found,
780019,Sumner,,,,not_found,
780018,Sumner,,,,not_found,
780017,Sumner,,,,not_found,
779986,Sumner,,,,not_found,
779001,Sumner,661165790016,https://sumneroutlet.com/products/sumner-779001-caster-sc-23-8-x-2-rt.js,Sumner Outlet,found,
780016,Sumner,,,,not_found,
780197,Sumner,,,,not_found,
780195,Sumner,,,,not_found,
780196,Sumner,,,,not_found,
775240,Sumner,,,,not_found,
775230,Sumner,,,,not_found,
780124,Sumner,,,,not_found,
782527,Sumner,,,,not_found,
780249,Sumner,,,,not_found,
780301,Sumner,661165803013,https://sumneroutlet.com/products/sumner-780301-r-150-roust-a-bout.js,Sumner Outlet,found,
778395,Sumner,,,,not_found,
780017,Sumner,,,,not_found,
780302,Sumner,661165803020,https://sumneroutlet.com/products/sumner-780302-r-180-roust-a-bout-18-top-ht.js,Sumner Outlet,found,
779990,Sumner,,,,not_found,
780157,Sumner,,,,not_found,
780223,Sumner,,,,not_found,
780322,Sumner,,,,not_found,
780285,Sumner,,,,not_found,
780290,Sumner,,,,not_found,
780156,Sumner,,,,not_found,
778396,Sumner,,,,not_found,
780466,Sumner,,,,not_found,
780464,Sumner,,,,not_found,
780122,Sumner,,,,not_found,
780291,Sumner,,,,not_found,
780018,Sumner,,,,not_found,
780303,Sumner,661165803037,https://sumneroutlet.com/products/sumner-780303-r-250-roust-a-bout.js,Sumner Outlet,found,
779989,Sumner,,,,not_found,
778397,Sumner,,,,not_found,
780463,Sumner,,,,not_found,
780327,Sumner,,,,not_found,
780341,Sumner,,,,not_found,
780342,Sumner,,,,not_found,
780125,Sumner,,,,not_found,
780123,Sumner,,,,not_found,
780050,Sumner,,,,not_found,
779987,Sumner,,,,not_found,
780007,Sumner,,,,not_found,
780019,Sumner,,,,not_found,
'S783800,Sumner,,,,not_found,
778354,Sumner,,,,not_found,
'S783800,Sumner,,,,not_found,
783885,Sumner,,,,not_found,
778354,Sumner,,,,not_found,
778480,Sumner,,,,not_found,
778446,Sumner,,,,not_found,
784825,Sumner,,,,not_found,
784875,Sumner,,,,not_found,
784896,Sumner,,,,not_found,
'784765-BLK,Sumner,,,,not_found,
'784770-BLK,Sumner,,,,not_found,
'784766-BLK,Sumner,,,,not_found,
'784780-BLK,Sumner,,,,not_found,
784841,Sumner,,,,not_found,
784795,Sumner,,,,not_found,
784055,Sumner,,,,not_found,
784760,Sumner,661165847604,https://sumneroutlet.com/products/southwire-784760-eventer-16-lift-assembly-w-fork.js,Sumner Outlet,found,
778480,Sumner,,,,not_found,
778446,Sumner,,,,not_found,
784825,Sumner,,,,not_found,
784875,Sumner,,,,not_found,
784896,Sumner,,,,not_found,
'784765-BLK,Sumner,,,,not_found,
'784770-BLK,Sumner,,,,not_found,
'784766-BLK,Sumner,,,,not_found,
'784780-BLK,Sumner,,,,not_found,
784841,Sumner,,,,not_found,
784795,Sumner,,,,not_found,
784055,Sumner,,,,not_found,
784760,Sumner,661165847604,https://sumneroutlet.com/products/southwire-784760-eventer-16-lift-assembly-w-fork.js,Sumner Outlet,found,
785074,Sumner,,,,not_found,
785073,Sumner,,,,not_found,
785160,Sumner,,,,not_found,
785075,Sumner,,,,not_found,
785076,Sumner,,,,not_found,
785101,Sumner,661165851014,https://sumneroutlet.com/products/sumner-785101-gh2t-gantry-lift-12-beam.js,Sumner Outlet,found,
785100,Sumner,661165851007,https://sumneroutlet.com/products/sumner-785100-gh2t-gantry-lift-15-beam.js,Sumner Outlet,found,
785103,Sumner,661165851038,https://sumneroutlet.com/products/sumner-785103-gh2t-gantry-lift-8-beam.js,Sumner Outlet,found,
785102,Sumner,661165851021,https://sumneroutlet.com/products/sumner-785102-gh2t-gantry-lift-10-beam.js,Sumner Outlet,found,
780300,Sumner,661165803006,https://sumneroutlet.com/products/sumner-780300-r-100-roust-a-bout-15-top-ht.js,Sumner Outlet,found,
779988,Sumner,,,,not_found,
780447,Sumner,,,,not_found,
780328,Sumner,,,,not_found,
780299,Sumner,,,,not_found,
780135,Sumner,,,,not_found,
780133,Sumner,,,,not_found,
778395,Sumner,,,,not_found,
780465,Sumner,,,,not_found,
780449,Sumner,,,,not_found,
780450,Sumner,,,,not_found,
780343,Sumner,,,,not_found,
780334,Sumner,,,,not_found,
780349,Sumner,,,,not_found,
780329,Sumner,,,,not_found,
780448,Sumner,,,,not_found,
780121,Sumner,,,,not_found,
780048,Sumner,,,,not_found,
779986,Sumner,,,,not_found,
780016,Sumner,,,,not_found,
780124,Sumner,,,,not_found,
783885,Sumner,,,,not_found,
779070,Energized Engines,,,,house_brand,needs GS1 codes
2000,Energized Engines,,,,house_brand,needs GS1 codes
1084,Energized Engines,,,,house_brand,needs GS1 codes
1080,Energized Engines,,,,house_brand,needs GS1 codes
1079,Energized Engines,,,,house_brand,needs GS1 codes
1077,Energized Engines,,,,house_brand,needs GS1 codes
1076,Energized Engines,,,,house_brand,needs GS1 codes
1075,Energized Engines,,,,house_brand,needs GS1 codes
1078,Energized Engines,,,,house_brand,needs GS1 codes
1069,Energized Engines,,,,house_brand,needs GS1 codes
1067,Energized Engines,,,,house_brand,needs GS1 codes
1027,Energized Engines,,,,house_brand,needs GS1 codes
1046,Energized Engines,,,,house_brand,needs GS1 codes
1065,Energized Engines,,,,house_brand,needs GS1 codes
1017,Energized Engines,,,,house_brand,needs GS1 codes
1026,Energized Engines,,,,house_brand,needs GS1 codes
1022,Energized Engines,,,,house_brand,needs GS1 codes
1021,Energized Engines,,,,house_brand,needs GS1 codes
1016,Energized Engines,,,,house_brand,needs GS1 codes
1015,Energized Engines,,,,house_brand,needs GS1 codes
1003,Energized Engines,,,,house_brand,needs GS1 codes
2001,Energized Engines,,,,house_brand,needs GS1 codes
2003,Energized Engines,,,,house_brand,needs GS1 codes
1027,Energized Engines,,,,house_brand,needs GS1 codes
1025,Energized Engines,,,,house_brand,needs GS1 codes
1003,Energized Engines,,,,house_brand,needs GS1 codes
1001,Energized Engines,,,,house_brand,needs GS1 codes
1027,Energized Engines,,,,house_brand,needs GS1 codes
1025,Energized Engines,,,,house_brand,needs GS1 codes
1003,Energized Engines,,,,house_brand,needs GS1 codes
1001,Energized Engines,,,,house_brand,needs GS1 codes
1027,Energized Engines,,,,house_brand,needs GS1 codes
1025,Energized Engines,,,,house_brand,needs GS1 codes
1003,Energized Engines,,,,house_brand,needs GS1 codes
1001,Energized Engines,,,,house_brand,needs GS1 codes
1074,Energized Engines,,,,house_brand,needs GS1 codes
1071,Energized Engines,,,,house_brand,needs GS1 codes
1070,Energized Engines,,,,house_brand,needs GS1 codes
1072,Energized Engines,,,,house_brand,needs GS1 codes
1027,Energized Engines,,,,house_brand,needs GS1 codes
1025,Energized Engines,,,,house_brand,needs GS1 codes
1003,Energized Engines,,,,house_brand,needs GS1 codes
779070,Energized Engines,,,,house_brand,needs GS1 codes
1084,Energized Engines,,,,house_brand,needs GS1 codes
1080,Energized Engines,,,,house_brand,needs GS1 codes
1079,Energized Engines,,,,house_brand,needs GS1 codes
1077,Energized Engines,,,,house_brand,needs GS1 codes
1076,Energized Engines,,,,house_brand,needs GS1 codes
1075,Energized Engines,,,,house_brand,needs GS1 codes
1078,Energized Engines,,,,house_brand,needs GS1 codes
1069,Energized Engines,,,,house_brand,needs GS1 codes
1067,Energized Engines,,,,house_brand,needs GS1 codes
1027,Energized Engines,,,,house_brand,needs GS1 codes
1046,Energized Engines,,,,house_brand,needs GS1 codes
1065,Energized Engines,,,,house_brand,needs GS1 codes
1017,Energized Engines,,,,house_brand,needs GS1 codes
1026,Energized Engines,,,,house_brand,needs GS1 codes
1022,Energized Engines,,,,house_brand,needs GS1 codes
1021,Energized Engines,,,,house_brand,needs GS1 codes
1016,Energized Engines,,,,house_brand,needs GS1 codes
1015,Energized Engines,,,,house_brand,needs GS1 codes
1001,Energized Engines,,,,house_brand,needs GS1 codes
1001,Energized Engines,,,,house_brand,needs GS1 codes
1027,Energized Engines,,,,house_brand,needs GS1 codes
1030,Energized Engines,,,,house_brand,needs GS1 codes
1025,Energized Engines,,,,house_brand,needs GS1 codes
1001,Energized Engines,,,,house_brand,needs GS1 codes
1027,Energized Engines,,,,house_brand,needs GS1 codes
1031,Energized Engines,,,,house_brand,needs GS1 codes
1025,Energized Engines,,,,house_brand,needs GS1 codes
1001,Energized Engines,,,,house_brand,needs GS1 codes
1034,Energized Engines,,,,house_brand,needs GS1 codes
1012,Energized Engines,,,,house_brand,needs GS1 codes
1034,Energized Engines,,,,house_brand,needs GS1 codes
1089,Energized Engines,,,,house_brand,needs GS1 codes
1027,Energized Engines,,,,house_brand,needs GS1 codes
1068,Energized Engines,,,,house_brand,needs GS1 codes
1006-RAB150,Energized Engines,,,,house_brand,needs GS1 codes
1005,Energized Engines,,,,house_brand,needs GS1 codes
1004,Energized Engines,,,,house_brand,needs GS1 codes
1000,Energized Engines,,,,house_brand,needs GS1 codes
1013,Energized Engines,,,,house_brand,needs GS1 codes
1000,Energized Engines,,,,house_brand,needs GS1 codes
1006-RAB150,Energized Engines,,,,house_brand,needs GS1 codes
1000,Energized Engines,,,,house_brand,needs GS1 codes
1006-RAB150,Energized Engines,,,,house_brand,needs GS1 codes
1000,Energized Engines,,,,house_brand,needs GS1 codes
1013,Energized Engines,,,,house_brand,needs GS1 codes
1087,Energized Engines,,,,house_brand,needs GS1 codes
1087,Energized Engines,,,,house_brand,needs GS1 codes
1035,Energized Engines,,,,house_brand,needs GS1 codes
1035,Energized Engines,,,,house_brand,needs GS1 codes
1006-RAB150,Energized Engines,,,,house_brand,needs GS1 codes
